event_time,order_id,product_id,category_id,category_code,brand,price,user_id,Category,Sub category,Product category
1/29/2020 4:33,2.35E+18,1.52E+18,,,,0.58,,,,
6/18/2020 10:32,2.35E+18,1.52E+18,2.37E+18,electronics.video.tv,kivi,196.74,,electronics,video,tv
6/7/2020 8:06,2.35E+18,1.52E+18,2.27E+18,,redmond,19.65,,,,
8/14/2020 15:18,2.38E+18,2.27E+18,2.27E+18,appliances.kitchen.oven,beko,273.13,1.52E+18,appliances,kitchen,oven
9/18/2020 5:23,2.39E+18,2.27E+18,2.27E+18,appliances.kitchen.washer,beko,196.74,,appliances,kitchen,washer
9/18/2020 12:53,2.39E+18,1.52E+18,2.27E+18,appliances.kitchen.blender,moulinex,69.42,,appliances,kitchen,blender
8/1/2020 0:23,2.37E+18,1.52E+18,2.27E+18,computers.peripherals.printer,hp,136.32,1.52E+18,computers,peripherals,printer
10/30/2020 7:30,2.39E+18,1.52E+18,,,,16.18,1.52E+18,,,
10/6/2020 12:57,2.39E+18,2.27E+18,2.27E+18,appliances.kitchen.mixer,polaris,30.07,1.52E+18,appliances,kitchen,mixer
11/7/2020 10:27,2.39E+18,1.52E+18,2.27E+18,,pastel,53.22,1.52E+18,,,
9/15/2020 7:43,2.39E+18,1.52E+18,2.27E+18,electronics.smartphone,apple,532.38,1.52E+18,electronics,,smartphone
7/4/2020 7:44,2.35E+18,1.52E+18,2.27E+18,stationery.battery,varta,4.4,,stationery,,battery
6/8/2020 11:25,2.35E+18,1.52E+18,2.27E+18,,coolinar,3.22,,,,
1/25/2020 12:18,2.35E+18,1.52E+18,2.27E+18,,toro,2.75,1.52E+18,,,
6/24/2020 7:24,2.35E+18,1.52E+18,2.27E+18,electronics.smartphone,samsung,64.56,,electronics,,smartphone
6/23/2020 6:42,2.35E+18,1.52E+18,2.27E+18,stationery.battery,camelion,0.93,,stationery,,battery
9/18/2020 10:09,2.39E+18,1.52E+18,,,,16.18,,,,
6/14/2020 6:22,2.35E+18,1.52E+18,2.27E+18,furniture.kitchen.table,tefal,18.5,,furniture,kitchen,table
9/1/2020 4:54,2.39E+18,1.52E+18,2.27E+18,electronics.smartphone,samsung,138.87,1.52E+18,electronics,,smartphone
3/22/2020 7:27,2.35E+18,2.27E+18,2.27E+18,appliances.environment.vacuum,samsung,104.14,,appliances,environment,vacuum
2/22/2020 8:02,2.35E+18,1.52E+18,2.27E+18,,geyzer,6.23,,,,
9/7/2020 4:21,2.39E+18,1.52E+18,2.27E+18,electronics.smartphone,samsung,173.59,,electronics,,smartphone
6/26/2020 11:44,2.35E+18,1.52E+18,2.37E+18,electronics.video.tv,ava,231.46,,electronics,video,tv
7/21/2020 8:55,2.36E+18,1.52E+18,2.27E+18,electronics.smartphone,samsung,300.9,1.52E+18,electronics,,smartphone
6/25/2020 6:35,2.35E+18,1.52E+18,2.27E+18,electronics.audio.headphone,jbl,23.13,,electronics,audio,headphone
8/27/2020 18:46,2.39E+18,1.52E+18,2.27E+18,electronics.smartphone,apple,925.67,1.52E+18,electronics,,smartphone
2/28/2020 16:27,2.35E+18,1.52E+18,,,,9.26,,,,
6/3/2020 11:16,2.35E+18,1.52E+18,2.27E+18,,remington,41.64,,,,
6/5/2020 10:59,2.35E+18,1.52E+18,,,,16.18,,,,
2/21/2020 13:51,2.35E+18,1.52E+18,2.27E+18,,akvafor,4.14,,,,
3/16/2020 9:36,2.35E+18,1.52E+18,2.27E+18,,rowenta,34.7,,,,
7/30/2020 19:35,2.36E+18,1.52E+18,2.27E+18,appliances.kitchen.refrigerators,birjusa,254.61,1.52E+18,appliances,kitchen,refrigerators
11/15/2020 14:40,2.39E+18,2.27E+18,2.27E+18,computers.components.hdd,samsung,118.73,1.52E+18,computers,components,hdd
9/14/2020 8:22,2.39E+18,1.52E+18,2.27E+18,electronics.smartphone,samsung,138.87,,electronics,,smartphone
3/24/2020 11:03,2.35E+18,1.52E+18,2.27E+18,computers.notebook,asus,324.05,,computers,,notebook
6/25/2020 13:06,2.35E+18,1.52E+18,,,,0.93,,,,
2/16/2020 12:06,2.35E+18,2.27E+18,2.27E+18,,electrolux,543.96,,,,
2/8/2020 11:05,2.35E+18,1.52E+18,,,,16.18,,,,
6/4/2020 8:35,2.35E+18,1.52E+18,,,,104.17,,,,
3/6/2020 10:34,2.35E+18,1.52E+18,2.27E+18,appliances.iron,braun,127.29,,appliances,,iron
6/6/2020 8:27,2.35E+18,1.52E+18,,,,13.87,,,,
8/18/2020 5:39,2.38E+18,1.52E+18,2.27E+18,,samsung,6.92,,,,
1/25/2020 15:11,2.35E+18,2.27E+18,2.27E+18,appliances.personal.scales,vitek,9.24,,appliances,personal,scales
2/18/2020 7:29,2.35E+18,2.27E+18,2.27E+18,appliances.kitchen.refrigerators,uteki,6.92,,appliances,kitchen,refrigerators
2/17/2020 4:38,2.35E+18,1.52E+18,2.27E+18,electronics.smartphone,apple,231.23,,electronics,,smartphone
1/20/2020 7:06,2.35E+18,1.52E+18,,,,9.26,,,,
2/17/2020 11:36,2.35E+18,1.52E+18,2.27E+18,,canon,800.9,,,,
1/11/2020 6:18,2.35E+18,1.52E+18,2.27E+18,computers.notebook,lenovo,335.63,,computers,,notebook
6/16/2020 11:42,2.35E+18,1.52E+18,2.27E+18,computers.notebook,legrand,34.7,,computers,,notebook
1/18/2020 12:18,2.35E+18,1.52E+18,,,,57.87,,,,
8/21/2020 4:46,2.38E+18,1.52E+18,2.27E+18,appliances.kitchen.blender,braun,115.72,,appliances,kitchen,blender
3/5/2020 12:13,2.35E+18,1.52E+18,,,,15.28,,,,
9/12/2020 8:59,2.39E+18,1.52E+18,2.27E+18,electronics.smartphone,samsung,115.72,1.52E+18,electronics,,smartphone
7/30/2020 11:20,2.37E+18,1.52E+18,2.36E+18,appliances.environment.air_conditioner,ava,196.74,,appliances,environment,air_conditioner
1/20/2020 13:20,2.35E+18,1.52E+18,2.27E+18,appliances.kitchen.kettle,,13.87,,appliances,kitchen,kettle
6/2/2020 6:42,2.35E+18,1.52E+18,,,,6.94,,,,
11/14/2020 14:00,2.39E+18,1.52E+18,2.27E+18,,luminarc,53.22,1.52E+18,,,
11/14/2020 12:38,2.39E+18,1.52E+18,2.27E+18,appliances.kitchen.oven,bosch,451.37,1.52E+18,appliances,kitchen,oven
1/16/2020 4:40,2.35E+18,1.52E+18,2.27E+18,,hansa,416.64,,,,
6/7/2020 4:59,2.35E+18,1.52E+18,2.27E+18,computers.components.hdd,transcend,74.05,,computers,components,hdd
2/21/2020 5:45,2.35E+18,1.52E+18,2.27E+18,appliances.kitchen.refrigerators,atlant,293.96,,appliances,kitchen,refrigerators
1/18/2020 7:31,2.35E+18,1.52E+18,2.37E+18,electronics.video.tv,ivi,5.56,,electronics,video,tv
5/24/2020 11:06,2.35E+18,1.52E+18,,,,29.63,,,,
3/20/2020 9:31,2.35E+18,1.52E+18,2.27E+18,electronics.telephone,panasonic,29.14,,electronics,,telephone
8/26/2020 11:31,2.38E+18,1.52E+18,2.27E+18,electronics.smartphone,samsung,161.78,1.52E+18,electronics,,smartphone
6/23/2020 8:14,2.35E+18,1.52E+18,,,,8.1,1.52E+18,,,
2/26/2020 7:32,2.35E+18,2.27E+18,2.27E+18,computers.peripherals.joystick,x-game,57.85,,computers,peripherals,joystick
1/7/2020 8:26,2.35E+18,1.52E+18,2.27E+18,appliances.kitchen.refrigerators,midea,145.81,,appliances,kitchen,refrigerators
2/16/2020 7:39,2.35E+18,1.52E+18,2.27E+18,appliances.kitchen.refrigerators,lg,555.53,,appliances,kitchen,refrigerators
5/28/2020 10:12,2.35E+18,1.52E+18,,,,16.18,,,,
6/10/2020 8:15,2.35E+18,1.52E+18,2.36E+18,appliances.environment.air_conditioner,beko,266.18,,appliances,environment,air_conditioner
2/22/2020 7:50,2.35E+18,2.27E+18,2.27E+18,appliances.environment.vacuum,samsung,104.14,,appliances,environment,vacuum
2/15/2020 5:51,2.35E+18,1.52E+18,2.27E+18,appliances.kitchen.kettle,ava,18.5,,appliances,kitchen,kettle
2/17/2020 8:09,2.35E+18,1.52E+18,2.27E+18,,polimerbiht,2.75,,,,
11/14/2020 8:53,2.39E+18,1.52E+18,,,,5.79,1.52E+18,,,
4/7/2020 11:30,2.35E+18,1.52E+18,2.27E+18,computers.peripherals.mouse,none,2.75,,computers,peripherals,mouse
3/13/2020 6:55,2.35E+18,1.52E+18,2.27E+18,electronics.audio.headphone,samsung,12.71,1.52E+18,electronics,audio,headphone
4/25/2020 4:10,2.35E+18,1.52E+18,2.27E+18,computers.network.router,altel,32.38,,computers,network,router
8/18/2020 5:30,2.38E+18,2.27E+18,2.27E+18,stationery.battery,camelion,1.39,,stationery,,battery
6/17/2020 11:58,2.35E+18,1.52E+18,2.36E+18,appliances.environment.air_conditioner,beko,416.64,,appliances,environment,air_conditioner
8/27/2020 8:12,2.39E+18,1.52E+18,2.27E+18,electronics.smartphone,oppo,231.23,,electronics,,smartphone
8/27/2020 13:41,2.39E+18,1.52E+18,2.27E+18,,ideal,3.91,1.52E+18,,,
2/1/2020 6:31,2.35E+18,1.52E+18,2.27E+18,appliances.kitchen.kettle,berghoff,6,,appliances,kitchen,kettle
1/19/2020 7:49,2.35E+18,1.52E+18,2.27E+18,,barkan,25.44,,,,
9/8/2020 10:30,2.39E+18,1.52E+18,2.27E+18,,technodom,13.87,,,,
8/24/2020 7:05,2.38E+18,1.52E+18,2.27E+18,,neo,34.7,,,,
1/8/2020 6:36,2.35E+18,1.52E+18,,,,57.87,,,,
3/14/2020 8:46,2.35E+18,1.52E+18,,,,9.26,,,,
10/27/2020 14:26,2.39E+18,1.52E+18,2.27E+18,computers.notebook,asus,879.61,1.52E+18,computers,,notebook
1/28/2020 13:56,2.35E+18,1.52E+18,2.27E+18,appliances.kitchen.refrigerators,lg,624.98,1.52E+18,appliances,kitchen,refrigerators
9/17/2020 6:34,2.39E+18,1.52E+18,2.27E+18,electronics.smartphone,samsung,532.38,,electronics,,smartphone
5/27/2020 11:33,2.35E+18,2.27E+18,2.27E+18,electronics.audio.headphone,microlab,12.25,,electronics,audio,headphone
5/30/2020 8:53,2.35E+18,1.52E+18,2.37E+18,electronics.smartphone,,4.14,,electronics,,smartphone
6/5/2020 13:11,2.35E+18,1.52E+18,2.27E+18,furniture.living_room.shelving,muljhtidom,3.22,,furniture,living_room,shelving
2/14/2020 8:52,2.35E+18,1.52E+18,,,,14.12,,,,
3/6/2020 6:36,2.35E+18,1.52E+18,,,,16.18,,,,
8/8/2020 7:01,2.37E+18,1.52E+18,2.27E+18,appliances.kitchen.hood,electrolux,296.27,1.52E+18,appliances,kitchen,hood
7/23/2020 6:25,2.36E+18,1.52E+18,2.27E+18,electronics.smartphone,samsung,231.23,,electronics,,smartphone
3/22/2020 8:07,2.35E+18,2.27E+18,2.27E+18,,,2.29,,,,
9/27/2020 8:22,2.39E+18,1.52E+18,2.27E+18,appliances.iron,philips,46.27,,appliances,,iron
11/11/2020 12:22,2.39E+18,2.39E+18,2.27E+18,electronics.clocks,huawei,138.87,1.52E+18,electronics,,clocks
9/15/2020 13:49,2.39E+18,1.52E+18,2.27E+18,appliances.kitchen.hood,hansa,231.46,,appliances,kitchen,hood
10/19/2020 15:30,2.39E+18,1.52E+18,2.27E+18,furniture.living_room.chair,aerocool,122.66,1.52E+18,furniture,living_room,chair
7/2/2020 13:48,2.35E+18,1.52E+18,2.27E+18,electronics.audio.headphone,samsung,104.14,,electronics,audio,headphone
9/3/2020 9:02,2.39E+18,1.52E+18,,,,16.18,,,,
8/8/2020 10:13,2.37E+18,2.30E+18,2.27E+18,,gamemax,33.54,1.52E+18,,,
6/1/2020 11:56,2.35E+18,1.52E+18,2.27E+18,appliances.kitchen.oven,gorenje,312.48,,appliances,kitchen,oven
2/9/2020 8:25,2.35E+18,1.52E+18,2.27E+18,,ava,2.78,,,,
9/25/2020 13:08,2.39E+18,1.52E+18,,,,16.18,,,,
2/9/2020 12:44,2.35E+18,1.52E+18,2.27E+18,,deluxe,53.22,,,,
6/16/2020 6:34,2.35E+18,1.52E+18,2.27E+18,appliances.environment.vacuum,tefal,115.72,,appliances,environment,vacuum
6/15/2020 7:15,2.35E+18,1.52E+18,2.27E+18,electronics.smartphone,samsung,104.14,,electronics,,smartphone
11/1/2020 9:49,2.39E+18,2.39E+18,2.27E+18,electronics.smartphone,xiaomi,127.29,1.52E+18,electronics,,smartphone
6/18/2020 7:48,2.35E+18,2.27E+18,2.27E+18,,goodride,48.82,,,,
2/5/2020 13:55,2.35E+18,1.52E+18,2.27E+18,furniture.kitchen.table,tefal,37.01,,furniture,kitchen,table
3/29/2020 11:48,2.35E+18,1.52E+18,2.27E+18,electronics.clocks,samsung,277.75,,electronics,,clocks
1/6/2020 11:12,2.35E+18,1.52E+18,2.27E+18,electronics.smartphone,huawei,127.29,,electronics,,smartphone
3/15/2020 8:49,2.35E+18,2.27E+18,2.27E+18,electronics.smartphone,huawei,162.01,,electronics,,smartphone
10/16/2020 9:26,2.39E+18,1.52E+18,2.27E+18,,pasabahce,5.53,1.52E+18,,,
6/5/2020 11:37,2.35E+18,1.52E+18,,,,34.72,,,,
9/3/2020 17:02,2.39E+18,1.52E+18,2.27E+18,electronics.smartphone,huawei,300.9,1.52E+18,electronics,,smartphone
10/18/2020 6:59,2.39E+18,1.52E+18,2.37E+18,electronics.video.tv,lg,532.38,1.52E+18,electronics,video,tv
8/25/2020 10:10,2.38E+18,1.52E+18,2.27E+18,,tefal,138.87,,,,
5/23/2020 8:47,2.35E+18,1.52E+18,2.27E+18,appliances.kitchen.meat_grinder,bosch,162.01,,appliances,kitchen,meat_grinder
2/22/2020 10:43,2.35E+18,2.27E+18,2.27E+18,electronics.smartphone,huawei,254.61,,electronics,,smartphone
2/9/2020 14:14,2.35E+18,1.52E+18,2.27E+18,appliances.kitchen.washer,samsung,462.94,,appliances,kitchen,washer
8/15/2020 11:22,2.38E+18,1.52E+18,2.27E+18,,fissman,6,1.52E+18,,,
10/11/2020 9:14,2.39E+18,1.52E+18,2.27E+18,appliances.environment.vacuum,polaris,81,1.52E+18,appliances,environment,vacuum
2/5/2020 13:56,2.35E+18,1.52E+18,2.27E+18,appliances.kitchen.kettle,vitek,20.81,,appliances,kitchen,kettle
8/27/2020 9:56,2.39E+18,1.52E+18,2.27E+18,appliances.kitchen.washer,none,324.05,,appliances,kitchen,washer
9/18/2020 11:04,2.39E+18,2.27E+18,2.27E+18,,,0.51,,,,
9/17/2020 11:29,2.39E+18,1.52E+18,,,,26.62,,,,
8/25/2020 10:31,2.38E+18,1.52E+18,2.27E+18,appliances.personal.scales,scarlett,11.55,,appliances,personal,scales
9/13/2020 5:10,2.39E+18,1.52E+18,2.27E+18,furniture.kitchen.chair,tvs,39.33,,furniture,kitchen,chair
3/10/2020 14:03,2.35E+18,1.52E+18,2.27E+18,appliances.kitchen.kettle,ava,13.87,,appliances,kitchen,kettle
2/19/2020 4:38,2.35E+18,2.27E+18,2.27E+18,appliances.environment.vacuum,samsung,104.14,,appliances,environment,vacuum
6/21/2020 7:00,2.35E+18,1.52E+18,2.27E+18,computers.components.hdd,anymode,23.13,,computers,components,hdd
2/9/2020 6:15,2.35E+18,1.52E+18,2.27E+18,,ava,2.78,,,,
9/26/2020 9:03,2.39E+18,1.52E+18,2.27E+18,,apollo,5.07,1.52E+18,,,
1/10/2020 13:10,2.35E+18,1.52E+18,2.27E+18,appliances.kitchen.kettle,tefal,55.53,,appliances,kitchen,kettle
2/14/2020 8:46,2.35E+18,1.52E+18,2.27E+18,computers.components.hdd,rivacase,16.18,,computers,components,hdd
6/26/2020 6:16,2.35E+18,2.27E+18,2.27E+18,,vitek,13.87,,,,
9/7/2020 10:16,2.39E+18,1.52E+18,2.37E+18,electronics.smartphone,,9.26,,electronics,,smartphone
6/24/2020 8:02,2.35E+18,1.52E+18,,,,13.87,,,,
3/29/2020 5:55,2.35E+18,1.52E+18,2.37E+18,electronics.smartphone,,9.26,,electronics,,smartphone
1/9/2020 15:37,2.35E+18,1.52E+18,2.27E+18,electronics.smartphone,huawei,127.29,,electronics,,smartphone
8/9/2020 7:46,2.37E+18,1.52E+18,2.37E+18,electronics.video.tv,ava,162.01,,electronics,video,tv
8/19/2020 10:24,2.38E+18,1.52E+18,,,,57.87,,,,
7/24/2020 18:07,2.36E+18,1.52E+18,2.27E+18,appliances.kitchen.washer,samsung,324.05,1.52E+18,appliances,kitchen,washer
9/29/2020 10:24,2.39E+18,1.52E+18,2.27E+18,,sony,48.59,,,,
2/13/2020 11:24,2.35E+18,1.52E+18,,,,16.18,,,,
6/9/2020 9:42,2.35E+18,1.52E+18,2.27E+18,appliances.iron,braun,122.66,,appliances,,iron
1/29/2020 11:10,2.35E+18,1.52E+18,,,,29.63,,,,
2/7/2020 15:27,2.35E+18,1.52E+18,2.27E+18,,huawei,41.64,,,,
3/8/2020 4:42,2.35E+18,1.52E+18,,,,9.26,,,,
7/18/2020 17:40,2.36E+18,1.52E+18,2.27E+18,appliances.kitchen.blender,neo,46.27,1.52E+18,appliances,kitchen,blender
2/16/2020 10:56,2.35E+18,1.52E+18,2.27E+18,appliances.kitchen.washer,ava,90.02,,appliances,kitchen,washer
9/11/2020 6:37,2.39E+18,1.52E+18,,,,2.31,,,,
6/25/2020 13:22,2.35E+18,1.52E+18,2.27E+18,,fissman,2.99,1.52E+18,,,
7/15/2020 12:31,2.35E+18,1.52E+18,2.37E+18,electronics.video.tv,xiaomi,347.2,1.52E+18,electronics,video,tv
2/14/2020 10:36,2.35E+18,1.52E+18,2.27E+18,electronics.tablet,samsung,185.16,,electronics,,tablet
3/11/2020 11:58,2.35E+18,1.52E+18,,,,57.87,,,,
3/8/2020 10:17,2.35E+18,2.27E+18,2.27E+18,,bona,83.31,,,,
1/29/2020 14:14,2.35E+18,1.52E+18,,,,18.29,,,,
9/15/2020 11:48,2.39E+18,1.52E+18,2.27E+18,electronics.smartphone,oppo,231.46,,electronics,,smartphone
1/5/2020 12:30,2.35E+18,1.52E+18,2.27E+18,appliances.ironing_board,perilla,43.96,,appliances,,ironing_board
8/5/2020 11:41,2.37E+18,1.52E+18,2.27E+18,computers.peripherals.monitor,samsung,159.7,1.52E+18,computers,peripherals,monitor
6/7/2020 5:36,2.35E+18,1.52E+18,2.27E+18,,honor,18.5,,,,
8/31/2020 7:12,2.39E+18,1.52E+18,,,,16.18,,,,
6/21/2020 7:13,2.35E+18,1.52E+18,,,,0.81,,,,
1/1/1970 0:33,2.35E+18,1.52E+18,2.27E+18,,bosch,465.25,,,,
10/15/2020 13:22,2.39E+18,1.52E+18,2.27E+18,computers.components.cpu,intel,188.87,1.52E+18,computers,components,cpu
9/10/2020 6:19,2.39E+18,1.52E+18,2.27E+18,electronics.smartphone,apple,925.67,,electronics,,smartphone
7/3/2020 12:30,2.35E+18,2.27E+18,2.27E+18,appliances.kitchen.refrigerators,lg,1157.38,,appliances,kitchen,refrigerators
3/26/2020 11:13,2.35E+18,1.52E+18,2.27E+18,electronics.tablet,samsung,185.16,1.52E+18,electronics,,tablet
7/26/2020 9:13,2.36E+18,1.52E+18,2.27E+18,electronics.smartphone,samsung,347.2,1.52E+18,electronics,,smartphone
5/22/2020 5:50,2.35E+18,2.27E+18,2.27E+18,appliances.personal.scales,ava,11.55,,appliances,personal,scales
7/22/2020 10:47,2.37E+18,2.35E+18,2.27E+18,computers.components.motherboard,asus,581,1.52E+18,computers,components,motherboard
6/11/2020 7:05,2.35E+18,1.52E+18,,,,8.1,,,,
3/7/2020 14:08,2.35E+18,2.27E+18,2.27E+18,appliances.ironing_board,perilla,34.7,,appliances,,ironing_board
6/23/2020 9:55,2.35E+18,1.52E+18,2.27E+18,construction.tools.screw,ava,5.76,,construction,tools,screw
6/18/2020 6:33,2.35E+18,1.52E+18,2.27E+18,appliances.kitchen.washer,samsung,416.64,,appliances,kitchen,washer
8/19/2020 6:57,2.38E+18,1.52E+18,2.27E+18,,flama,127.29,,,,
6/16/2020 7:27,2.35E+18,1.52E+18,2.27E+18,electronics.smartphone,samsung,138.63,,electronics,,smartphone
11/3/2020 10:27,2.39E+18,1.52E+18,2.27E+18,,rowenta,25.44,1.52E+18,,,
10/22/2020 9:55,2.39E+18,1.52E+18,2.27E+18,furniture.bedroom.pillow,mattel,3.45,1.52E+18,furniture,bedroom,pillow
7/21/2020 8:30,2.36E+18,1.52E+18,2.27E+18,computers.notebook,microlab,27.75,,computers,,notebook
5/26/2020 4:55,2.35E+18,1.52E+18,,,,10.42,,,,
5/31/2020 6:25,2.35E+18,1.52E+18,,,,16.18,,,,
2/5/2020 11:45,2.35E+18,1.52E+18,2.27E+18,appliances.kitchen.kettle,polaris,27.75,,appliances,kitchen,kettle
9/2/2020 8:19,2.39E+18,1.52E+18,2.27E+18,appliances.environment.vacuum,tefal,21.97,,appliances,environment,vacuum
6/2/2020 14:15,2.35E+18,1.52E+18,2.27E+18,appliances.kitchen.microwave,beko,62.48,,appliances,kitchen,microwave
4/1/2020 4:20,2.35E+18,1.52E+18,2.27E+18,electronics.smartphone,samsung,300.9,,electronics,,smartphone
2/22/2020 6:04,2.35E+18,1.52E+18,2.27E+18,electronics.smartphone,oppo,115.49,,electronics,,smartphone
8/19/2020 5:20,2.38E+18,1.52E+18,,,,57.87,,,,
7/3/2020 8:57,2.35E+18,1.52E+18,,,,16.18,,,,
1/10/2020 14:44,2.35E+18,1.52E+18,2.27E+18,electronics.smartphone,samsung,208.08,,electronics,,smartphone
2/15/2020 6:00,2.35E+18,1.52E+18,,,,16.18,,,,
1/28/2020 10:06,2.35E+18,1.52E+18,2.27E+18,computers.peripherals.keyboard,,20.81,,computers,peripherals,keyboard
9/28/2020 14:24,2.39E+18,1.52E+18,2.27E+18,computers.components.cooler,hp,2.99,,computers,components,cooler
1/1/1970 0:33,2.35E+18,1.52E+18,2.27E+18,,ava,2.29,,,,
5/30/2020 8:16,2.35E+18,1.52E+18,2.36E+18,appliances.environment.air_conditioner,ava,173.59,,appliances,environment,air_conditioner
8/19/2020 12:18,2.38E+18,1.52E+18,2.27E+18,appliances.kitchen.meat_grinder,bosch,111.09,,appliances,kitchen,meat_grinder
8/17/2020 14:02,2.38E+18,1.52E+18,2.27E+18,,huawei,41.64,,,,
2/20/2020 12:12,2.35E+18,1.52E+18,2.27E+18,electronics.smartphone,huawei,92.34,,electronics,,smartphone
1/22/2020 6:25,2.35E+18,1.52E+18,,,,29.63,,,,
1/25/2020 7:11,2.35E+18,2.27E+18,2.27E+18,,gerat,3.68,,,,
6/30/2020 5:26,2.35E+18,2.27E+18,2.27E+18,appliances.kitchen.refrigerators,organ,2.52,,appliances,kitchen,refrigerators
5/8/2020 10:55,2.35E+18,1.52E+18,2.27E+18,appliances.iron,tefal,62.48,,appliances,,iron
5/21/2020 10:45,2.35E+18,1.52E+18,,,,0,,,,
3/16/2020 11:49,2.35E+18,2.27E+18,2.37E+18,electronics.video.tv,samsung,416.64,,electronics,video,tv
9/7/2020 12:43,2.39E+18,1.52E+18,2.27E+18,computers.components.cooler,hp,2.99,1.52E+18,computers,components,cooler
6/9/2020 7:25,2.35E+18,1.52E+18,2.27E+18,,filtero,4.61,,,,
7/28/2020 6:13,2.36E+18,1.52E+18,2.27E+18,,avrora,0.67,,,,
9/16/2020 5:48,2.39E+18,1.52E+18,2.27E+18,electronics.smartphone,oppo,300.9,,electronics,,smartphone
2/2/2020 9:17,2.35E+18,1.52E+18,2.27E+18,electronics.smartphone,oppo,208.31,,electronics,,smartphone
6/16/2020 8:07,2.35E+18,1.52E+18,2.27E+18,appliances.kitchen.washer,lg,289.33,,appliances,kitchen,washer
10/17/2020 7:00,2.39E+18,1.52E+18,,,,17.36,1.52E+18,,,
1/11/2020 6:27,2.35E+18,1.52E+18,2.27E+18,electronics.smartphone,samsung,138.87,,electronics,,smartphone
6/18/2020 14:08,2.35E+18,1.52E+18,,,,9.26,,,,
9/3/2020 1:32,2.39E+18,1.52E+18,2.27E+18,electronics.smartphone,samsung,138.87,1.52E+18,electronics,,smartphone
1/7/2020 6:50,2.35E+18,1.52E+18,2.27E+18,appliances.environment.vacuum,tefal,92.57,,appliances,environment,vacuum
2/16/2020 12:09,2.35E+18,1.52E+18,,,,9.26,,,,
6/18/2020 9:32,2.35E+18,1.52E+18,2.36E+18,appliances.environment.air_conditioner,beko,196.74,1.52E+18,appliances,environment,air_conditioner
7/1/2020 4:20,2.35E+18,2.27E+18,2.27E+18,accessories.bag,sumdex,34.7,,accessories,,bag
2/8/2020 11:30,2.35E+18,1.52E+18,,,,69.44,,,,
1/29/2020 9:46,2.35E+18,1.52E+18,,,,92.59,,,,
5/18/2020 5:56,2.35E+18,2.27E+18,2.27E+18,,vitek,20.81,,,,
3/12/2020 5:21,2.35E+18,1.52E+18,2.27E+18,construction.tools.screw,ava,5.76,,construction,tools,screw
1/12/2020 7:11,2.35E+18,1.52E+18,2.27E+18,appliances.environment.air_heater,tefal,69.42,,appliances,environment,air_heater
1/20/2020 13:50,2.35E+18,1.52E+18,2.27E+18,appliances.kitchen.washer,lg,393.5,,appliances,kitchen,washer
5/31/2020 15:48,2.35E+18,1.52E+18,2.27E+18,electronics.smartphone,samsung,115.72,,electronics,,smartphone
1/11/2020 7:28,2.35E+18,1.52E+18,2.27E+18,,panasonic,85.63,,,,
4/25/2020 20:20,2.35E+18,2.27E+18,2.27E+18,appliances.kitchen.kettle,maxwell,48.59,1.52E+18,appliances,kitchen,kettle
9/11/2020 14:43,2.39E+18,1.52E+18,2.27E+18,,neo,34.7,,,,
3/27/2020 5:56,2.35E+18,1.52E+18,2.27E+18,,akvafor,7.38,,,,
6/11/2020 10:16,2.35E+18,2.27E+18,2.27E+18,,,317.11,,,,
6/17/2020 12:33,2.35E+18,1.52E+18,2.27E+18,appliances.kitchen.refrigerators,kramet,6.92,,appliances,kitchen,refrigerators
10/13/2020 11:04,2.39E+18,1.52E+18,2.27E+18,,sony,42.8,1.52E+18,,,
8/31/2020 12:37,2.39E+18,1.52E+18,,,,92.59,,,,
9/30/2020 6:01,2.39E+18,1.52E+18,2.27E+18,,toro,2.75,,,,
8/25/2020 15:09,2.38E+18,2.27E+18,2.27E+18,,tefal,81,,,,
8/18/2020 9:05,2.38E+18,1.52E+18,,,,16.18,,,,
9/23/2020 9:14,2.39E+18,1.52E+18,2.27E+18,computers.components.hdd,none,75.21,,computers,components,hdd
2/10/2020 9:36,2.35E+18,1.52E+18,2.27E+18,electronics.telephone,panasonic,31,,electronics,,telephone
9/23/2020 12:01,2.39E+18,2.27E+18,2.27E+18,,energea,9,,,,
7/21/2020 15:54,2.36E+18,1.52E+18,2.27E+18,computers.notebook,asus,289.33,1.52E+18,computers,,notebook
3/8/2020 13:11,2.35E+18,1.52E+18,2.27E+18,appliances.iron,vitek,25.44,,appliances,,iron
6/14/2020 8:20,2.35E+18,2.31E+18,2.27E+18,,xiaomi,27.75,,,,
3/21/2020 11:20,2.35E+18,1.52E+18,2.27E+18,,deluxe,53.22,,,,
7/1/2020 8:02,2.35E+18,1.52E+18,,,,16.18,1.52E+18,,,
5/20/2020 4:28,2.35E+18,1.52E+18,2.27E+18,electronics.smartphone,xiaomi,196.27,,electronics,,smartphone
7/3/2020 8:09,2.35E+18,2.27E+18,2.27E+18,electronics.smartphone,huawei,185.16,,electronics,,smartphone
1/18/2020 4:04,2.35E+18,1.52E+18,,,,10.42,,,,
1/13/2020 8:37,2.35E+18,1.52E+18,2.27E+18,electronics.smartphone,huawei,92.34,,electronics,,smartphone
10/17/2020 10:54,2.39E+18,1.52E+18,2.27E+18,furniture.kitchen.table,tefal,32.38,1.52E+18,furniture,kitchen,table
5/15/2020 11:18,2.35E+18,2.27E+18,2.27E+18,computers.peripherals.mouse,delux,9.7,,computers,peripherals,mouse
3/27/2020 7:34,2.35E+18,2.27E+18,2.27E+18,accessories.bag,sumdex,34.7,,accessories,,bag
9/9/2020 7:39,2.39E+18,2.27E+18,2.27E+18,,compliment,3.73,,,,
4/20/2020 4:15,2.35E+18,1.52E+18,2.27E+18,furniture.kitchen.table,rondell,14.56,,furniture,kitchen,table
8/6/2020 11:46,2.37E+18,2.27E+18,2.27E+18,computers.desktop,oral-b,13.87,1.52E+18,computers,,desktop
5/23/2020 6:16,2.35E+18,1.52E+18,,,,4.63,,,,
1/31/2020 5:53,2.35E+18,1.52E+18,2.27E+18,appliances.kitchen.refrigerators,samsung,590.25,,appliances,kitchen,refrigerators
8/20/2020 10:36,2.38E+18,1.52E+18,2.27E+18,stationery.battery,camelion,2.31,1.52E+18,stationery,,battery
5/26/2020 12:36,2.35E+18,1.52E+18,2.27E+18,appliances.kitchen.washer,lg,324.05,,appliances,kitchen,washer
5/30/2020 14:10,2.35E+18,2.27E+18,2.27E+18,appliances.personal.scales,ava,11.55,,appliances,personal,scales
10/18/2020 10:27,2.39E+18,1.52E+18,2.27E+18,,x-game,1.6,1.52E+18,,,
5/31/2020 9:36,2.35E+18,2.27E+18,2.36E+18,appliances.environment.air_conditioner,lg,361.09,,appliances,environment,air_conditioner
9/27/2020 15:02,2.39E+18,1.52E+18,2.27E+18,appliances.kitchen.kettle,philips,32.38,,appliances,kitchen,kettle
8/6/2020 7:42,2.37E+18,1.52E+18,2.37E+18,electronics.video.tv,ava,254.61,1.52E+18,electronics,video,tv
2/13/2020 6:33,2.35E+18,1.52E+18,,,,16.18,,,,
2/16/2020 12:23,2.35E+18,1.52E+18,,,,9.26,,,,
8/27/2020 15:02,2.39E+18,2.27E+18,2.27E+18,furniture.bathroom.bath,bosch,263.87,,furniture,bathroom,bath
8/18/2020 12:59,2.38E+18,2.27E+18,2.27E+18,appliances.kitchen.kettle,vitek,18.5,,appliances,kitchen,kettle
9/16/2020 13:59,2.39E+18,1.52E+18,,,,8.1,,,,
10/6/2020 5:14,2.39E+18,1.52E+18,2.27E+18,electronics.smartphone,samsung,81,1.52E+18,electronics,,smartphone
10/22/2020 7:46,2.39E+18,2.27E+18,2.27E+18,appliances.kitchen.kettle,vitek,23.13,1.52E+18,appliances,kitchen,kettle
8/20/2020 5:13,2.38E+18,1.52E+18,2.27E+18,computers.notebook,lenovo,527.75,,computers,,notebook
8/24/2020 10:09,2.38E+18,2.27E+18,2.27E+18,stationery.battery,camelion,1.39,,stationery,,battery
6/22/2020 12:30,2.35E+18,1.52E+18,2.27E+18,appliances.environment.water_heater,midea,69.42,,appliances,environment,water_heater
8/28/2020 12:55,2.39E+18,1.52E+18,2.27E+18,electronics.clocks,samsung,231.46,,electronics,,clocks
6/15/2020 8:34,2.35E+18,1.52E+18,2.27E+18,electronics.smartphone,samsung,115.72,,electronics,,smartphone
2/11/2020 16:19,2.35E+18,1.52E+18,2.27E+18,appliances.environment.water_heater,thermex,101.83,,appliances,environment,water_heater
3/13/2020 6:45,2.35E+18,1.52E+18,2.27E+18,furniture.kitchen.table,,23.13,,furniture,kitchen,table
9/9/2020 13:22,2.39E+18,1.52E+18,2.27E+18,appliances.kitchen.microwave,samsung,108.77,,appliances,kitchen,microwave
1/27/2020 10:40,2.35E+18,1.52E+18,2.27E+18,appliances.kitchen.blender,braun,67.11,,appliances,kitchen,blender
3/25/2020 11:15,2.35E+18,1.52E+18,,,,29.63,,,,
6/9/2020 7:18,2.35E+18,2.27E+18,2.27E+18,,grohe,143.98,,,,
8/24/2020 10:24,2.38E+18,1.52E+18,2.27E+18,computers.peripherals.mouse,genius,14.56,,computers,peripherals,mouse
6/11/2020 5:50,2.35E+18,1.52E+18,2.27E+18,appliances.environment.fan,neo,104.14,1.52E+18,appliances,environment,fan
8/23/2020 7:28,2.38E+18,1.52E+18,2.27E+18,electronics.clocks,apple,532.38,,electronics,,clocks
3/24/2020 10:08,2.35E+18,1.52E+18,2.27E+18,appliances.kitchen.juicer,braun,162.01,,appliances,kitchen,juicer
2/4/2020 15:46,2.35E+18,2.27E+18,2.27E+18,appliances.kitchen.kettle,maxwell,48.59,,appliances,kitchen,kettle
3/10/2020 7:44,2.35E+18,1.52E+18,,,,6.94,,,,
7/25/2020 21:14,2.36E+18,2.30E+18,2.27E+18,kids.toys,chicco,22.92,1.52E+18,kids,,toys
6/24/2020 5:59,2.35E+18,1.52E+18,2.27E+18,furniture.kitchen.table,tefal,18.5,,furniture,kitchen,table
6/20/2020 9:47,2.35E+18,1.52E+18,,,,29.63,,,,
2/11/2020 7:43,2.35E+18,1.52E+18,2.27E+18,,barkan,6.92,,,,
10/17/2020 12:38,2.39E+18,1.52E+18,2.27E+18,appliances.sewing_machine,janome,199.05,1.52E+18,appliances,,sewing_machine
2/29/2020 13:17,2.35E+18,1.52E+18,2.27E+18,,glasslock,5.3,,,,
8/7/2020 10:55,2.37E+18,1.52E+18,2.27E+18,electronics.smartphone,honor,166.64,1.52E+18,electronics,,smartphone
8/25/2020 7:25,2.38E+18,2.27E+18,2.27E+18,,grohe,116.67,,,,
1/14/2020 6:12,2.35E+18,2.27E+18,2.27E+18,appliances.environment.water_heater,thermex,111.09,,appliances,environment,water_heater
3/28/2020 11:30,2.35E+18,2.27E+18,2.27E+18,appliances.kitchen.blender,polaris,32.38,,appliances,kitchen,blender
2/11/2020 11:50,2.35E+18,1.52E+18,2.27E+18,,lavazza,6.46,1.52E+18,,,
2/19/2020 9:22,2.35E+18,1.52E+18,2.27E+18,electronics.smartphone,samsung,104.14,,electronics,,smartphone
10/19/2020 7:57,2.39E+18,2.27E+18,2.27E+18,appliances.personal.hair_cutter,rowenta,55.53,1.52E+18,appliances,personal,hair_cutter
8/26/2020 12:08,2.38E+18,1.52E+18,,,,16.18,,,,
4/23/2020 8:51,2.35E+18,1.52E+18,2.27E+18,electronics.smartphone,samsung,995.35,1.52E+18,electronics,,smartphone
10/4/2020 8:40,2.39E+18,1.52E+18,2.27E+18,electronics.smartphone,apple,856.23,1.52E+18,electronics,,smartphone
9/25/2020 11:34,2.39E+18,1.52E+18,2.27E+18,appliances.kitchen.refrigerators,organ,1.37,,appliances,kitchen,refrigerators
5/11/2020 6:33,2.35E+18,1.52E+18,,,,57.87,,,,
2/7/2020 5:58,2.35E+18,1.52E+18,2.27E+18,computers.notebook,lenovo,335.63,,computers,,notebook
6/6/2020 9:55,2.35E+18,1.52E+18,2.27E+18,computers.components.cpu,philips,41.64,,computers,components,cpu
10/28/2020 11:49,2.39E+18,1.52E+18,2.27E+18,,scarlett,15.02,1.52E+18,,,
2/4/2020 5:01,2.35E+18,1.52E+18,,,,19.95,,,,
3/22/2020 12:04,2.35E+18,1.52E+18,2.27E+18,computers.notebook,apple,1041.64,,computers,,notebook
3/30/2020 9:12,2.35E+18,1.52E+18,2.27E+18,appliances.personal.scales,tefal,27.75,,appliances,personal,scales
5/16/2020 8:19,2.35E+18,1.52E+18,,,,16.18,,,,
9/28/2020 12:05,2.39E+18,1.52E+18,2.27E+18,appliances.iron,philips,46.27,,appliances,,iron
2/21/2020 8:47,2.35E+18,2.27E+18,2.27E+18,,ausini,2.06,,,,
7/31/2020 9:16,2.37E+18,2.27E+18,2.27E+18,appliances.kitchen.refrigerators,lg,671.27,1.52E+18,appliances,kitchen,refrigerators
6/14/2020 11:01,2.35E+18,1.52E+18,,,,16.18,,,,
1/31/2020 12:44,2.35E+18,1.52E+18,,,,57.87,1.52E+18,,,
1/27/2020 8:47,2.35E+18,1.52E+18,2.27E+18,appliances.kitchen.refrigerators,beko,340.25,,appliances,kitchen,refrigerators
10/16/2020 5:57,2.39E+18,1.52E+18,2.27E+18,appliances.kitchen.meat_grinder,panasonic,127.29,1.52E+18,appliances,kitchen,meat_grinder
9/3/2020 11:20,2.39E+18,2.27E+18,2.37E+18,electronics.video.tv,samsung,925.9,1.52E+18,electronics,video,tv
7/27/2020 6:15,2.36E+18,1.52E+18,2.27E+18,electronics.smartphone,samsung,173.59,,electronics,,smartphone
8/7/2020 7:31,2.37E+18,1.52E+18,2.36E+18,appliances.environment.air_conditioner,ava,162.01,1.52E+18,appliances,environment,air_conditioner
9/4/2020 6:25,2.39E+18,1.52E+18,,,,23.15,,,,
6/17/2020 12:43,2.35E+18,1.52E+18,2.27E+18,,ava,0.02,,,,
10/16/2020 9:34,2.39E+18,2.31E+18,2.27E+18,,,4.61,1.52E+18,,,
1/1/1970 0:33,2.35E+18,1.52E+18,,,,0.42,,,,
6/25/2020 7:03,2.35E+18,1.52E+18,2.27E+18,,rowenta,60.16,,,,
3/5/2020 14:26,2.35E+18,1.52E+18,,,,8.1,,,,
4/26/2020 9:57,2.35E+18,2.27E+18,2.37E+18,electronics.video.tv,samsung,381.92,,electronics,video,tv
6/6/2020 12:42,2.35E+18,1.52E+18,2.27E+18,electronics.tablet,huawei,115.72,,electronics,,tablet
9/23/2020 17:51,2.39E+18,1.52E+18,2.27E+18,appliances.kitchen.washer,lg,439.79,1.52E+18,appliances,kitchen,washer
9/28/2020 6:49,2.39E+18,1.52E+18,,,,8.1,,,,
3/29/2020 9:13,2.35E+18,1.52E+18,2.27E+18,appliances.environment.vacuum,samsung,150.44,,appliances,environment,vacuum
8/17/2020 8:56,2.38E+18,2.27E+18,2.27E+18,medicine.tools.tonometer,braun,86.78,,medicine,tools,tonometer
5/22/2020 10:08,2.35E+18,1.52E+18,,,,4.63,,,,
9/24/2020 6:23,2.39E+18,1.52E+18,,,,16.18,,,,
3/31/2020 6:05,2.35E+18,1.52E+18,2.27E+18,stationery.battery,camelion,0.93,,stationery,,battery
1/21/2020 12:37,2.35E+18,2.27E+18,2.27E+18,electronics.smartphone,huawei,254.61,,electronics,,smartphone
5/27/2020 8:19,2.35E+18,1.52E+18,2.36E+18,appliances.environment.air_conditioner,beko,231.46,,appliances,environment,air_conditioner
1/11/2020 9:28,2.35E+18,1.52E+18,2.27E+18,appliances.environment.vacuum,samsung,150.44,,appliances,environment,vacuum
6/29/2020 12:34,2.35E+18,1.52E+18,2.27E+18,computers.notebook,ipower,4.63,,computers,,notebook
1/14/2020 5:01,2.35E+18,2.27E+18,2.27E+18,appliances.environment.vacuum,samsung,104.14,,appliances,environment,vacuum
1/5/2020 8:19,2.35E+18,1.52E+18,,,,23.13,,,,
1/6/2020 8:39,2.35E+18,1.52E+18,,,,2.78,,,,
9/17/2020 7:32,2.39E+18,1.52E+18,,,,9.26,,,,
6/30/2020 5:04,2.35E+18,1.52E+18,2.27E+18,,technodom,6.92,,,,
8/18/2020 11:35,2.38E+18,2.27E+18,2.27E+18,,pasabahce,1.6,,,,
4/7/2020 10:24,2.35E+18,1.52E+18,,,,3.89,,,,
8/13/2020 7:25,2.38E+18,1.52E+18,2.27E+18,,,4.63,,,,
8/28/2020 14:19,2.39E+18,1.52E+18,2.27E+18,appliances.kitchen.hood,beko,261.55,,appliances,kitchen,hood
2/16/2020 8:59,2.35E+18,1.52E+18,2.27E+18,appliances.kitchen.microwave,samsung,185.16,,appliances,kitchen,microwave
6/16/2020 14:28,2.35E+18,1.52E+18,2.27E+18,electronics.tablet,lenovo,77.52,,electronics,,tablet
1/8/2020 8:37,2.35E+18,2.27E+18,2.27E+18,,grohe,184.72,,,,
9/28/2020 12:38,2.39E+18,1.52E+18,2.27E+18,appliances.kitchen.hood,bosch,152.75,,appliances,kitchen,hood
9/15/2020 11:16,2.39E+18,2.27E+18,2.27E+18,electronics.camera.video,kurzweil,1109,1.52E+18,electronics,camera,video
2/21/2020 7:45,2.35E+18,2.27E+18,2.27E+18,,grohe,184.72,,,,
8/25/2020 7:15,2.38E+18,2.27E+18,2.27E+18,electronics.smartphone,huawei,162.01,,electronics,,smartphone
8/2/2020 8:20,2.37E+18,1.52E+18,2.27E+18,appliances.personal.scales,scarlett,20.81,,appliances,personal,scales
1/7/2020 14:41,2.35E+18,1.52E+18,2.27E+18,,,59.24,,,,
4/28/2020 17:58,2.35E+18,1.52E+18,2.27E+18,,samsung,6.92,1.52E+18,,,
2/4/2020 5:33,2.35E+18,1.52E+18,2.27E+18,appliances.kitchen.meat_grinder,panasonic,277.75,,appliances,kitchen,meat_grinder
2/27/2020 13:56,2.35E+18,1.52E+18,,,,35.39,1.52E+18,,,
6/3/2020 6:23,2.35E+18,1.52E+18,,,,9.26,,,,
3/19/2020 7:33,2.35E+18,1.52E+18,2.27E+18,,redmond,19.65,,,,
2/1/2020 9:28,2.35E+18,1.52E+18,2.27E+18,,rondell,13.87,,,,
8/6/2020 13:08,2.37E+18,1.52E+18,2.27E+18,electronics.smartphone,apple,1387.01,1.52E+18,electronics,,smartphone
8/28/2020 4:37,2.39E+18,1.52E+18,2.27E+18,accessories.bag,tucano,31.69,,accessories,,bag
5/30/2020 6:40,2.35E+18,2.27E+18,2.27E+18,electronics.smartphone,huawei,254.61,,electronics,,smartphone
8/4/2020 8:54,2.37E+18,1.52E+18,2.27E+18,appliances.environment.vacuum,samsung,69.42,1.52E+18,appliances,environment,vacuum
3/1/2020 5:11,2.35E+18,1.52E+18,,,,57.87,,,,
6/25/2020 7:08,2.35E+18,2.27E+18,2.27E+18,furniture.kitchen.table,rondell,19.19,,furniture,kitchen,table
5/22/2020 9:09,2.35E+18,1.52E+18,,,,13.87,,,,
6/6/2020 7:10,2.35E+18,1.52E+18,2.27E+18,accessories.bag,samsung,16.18,,accessories,,bag
1/21/2020 12:40,2.35E+18,2.27E+18,2.27E+18,stationery.paper,svetocopy,4.17,,stationery,,paper
2/28/2020 4:29,2.35E+18,2.27E+18,2.27E+18,,philips,37.01,1.52E+18,,,
1/6/2020 8:14,2.35E+18,1.52E+18,2.27E+18,,provence,6,,,,
7/10/2020 6:06,2.35E+18,2.27E+18,2.27E+18,computers.notebook,apc,12.71,,computers,,notebook
8/15/2020 16:33,2.38E+18,1.52E+18,2.27E+18,computers.components.hdd,kingston,38.17,1.52E+18,computers,components,hdd
4/1/2020 5:57,2.35E+18,1.52E+18,2.27E+18,furniture.kitchen.table,berghoff,69.42,1.52E+18,furniture,kitchen,table
3/20/2020 9:04,2.35E+18,1.52E+18,2.27E+18,stationery.battery,camelion,2.31,,stationery,,battery
5/31/2020 4:56,2.35E+18,2.27E+18,2.27E+18,electronics.smartphone,samsung,162.01,,electronics,,smartphone
7/9/2020 7:51,2.35E+18,2.27E+18,2.27E+18,electronics.tablet,apple,347.2,1.52E+18,electronics,,tablet
11/3/2020 9:55,2.39E+18,1.52E+18,2.27E+18,,janome,298.59,1.52E+18,,,
6/20/2020 5:37,2.35E+18,1.52E+18,2.27E+18,furniture.kitchen.table,victoria,16.18,,furniture,kitchen,table
8/18/2020 10:17,2.38E+18,1.52E+18,2.27E+18,computers.peripherals.mouse,,15.02,,computers,peripherals,mouse
4/27/2020 6:07,2.35E+18,1.52E+18,2.27E+18,computers.peripherals.mouse,genius,14.56,1.52E+18,computers,peripherals,mouse
1/6/2020 7:44,2.35E+18,1.52E+18,2.27E+18,computers.components.cpu,ehra,2.29,1.52E+18,computers,components,cpu
8/18/2020 8:30,2.38E+18,1.52E+18,2.27E+18,,neo,37.01,,,,
1/21/2020 10:07,2.35E+18,1.52E+18,2.27E+18,,samsung,30.07,,,,
9/25/2020 5:56,2.39E+18,1.52E+18,2.27E+18,furniture.kitchen.table,tefal,43.96,,furniture,kitchen,table
11/20/2020 7:38,2.39E+18,1.52E+18,2.27E+18,appliances.kitchen.refrigerators,bosch,1319.42,1.52E+18,appliances,kitchen,refrigerators
1/15/2020 5:05,2.35E+18,1.52E+18,2.27E+18,,rivacase,22.92,,,,
7/24/2020 10:13,2.36E+18,1.52E+18,2.27E+18,electronics.smartphone,apple,925.67,1.52E+18,electronics,,smartphone
2/7/2020 14:17,2.35E+18,1.52E+18,2.27E+18,electronics.audio.headphone,neo,20.81,,electronics,audio,headphone
9/2/2020 10:42,2.39E+18,1.52E+18,2.27E+18,electronics.smartphone,samsung,208.31,1.52E+18,electronics,,smartphone
2/15/2020 14:03,2.35E+18,1.52E+18,2.27E+18,,huawei,41.64,1.52E+18,,,
2/17/2020 8:09,2.35E+18,1.52E+18,,,,16.18,,,,
5/31/2020 9:54,2.35E+18,1.52E+18,,,,57.87,,,,
1/5/2020 8:03,2.35E+18,2.27E+18,2.27E+18,,pasabahce,6.46,,,,
1/14/2020 14:03,2.35E+18,1.52E+18,,,,16.18,,,,
3/6/2020 8:28,2.35E+18,1.52E+18,2.27E+18,electronics.audio.headphone,xiaomi,25.44,,electronics,audio,headphone
1/19/2020 13:10,2.35E+18,1.52E+18,2.27E+18,,ava,277.75,,,,
6/19/2020 6:26,2.35E+18,1.52E+18,2.27E+18,appliances.kitchen.oven,hansa,254.61,,appliances,kitchen,oven
7/16/2020 16:55,2.35E+18,1.52E+18,2.27E+18,appliances.kitchen.blender,scarlett,33.54,1.52E+18,appliances,kitchen,blender
11/3/2020 10:18,2.39E+18,1.52E+18,,,,9.26,1.52E+18,,,
5/16/2020 11:17,2.35E+18,1.52E+18,2.27E+18,appliances.iron,tefal,32.38,,appliances,,iron
9/10/2020 10:24,2.39E+18,1.52E+18,2.27E+18,appliances.kitchen.coffee_machine,philips,46.27,,appliances,kitchen,coffee_machine
5/5/2020 5:54,2.35E+18,1.52E+18,2.27E+18,appliances.kitchen.blender,moulinex,99.51,1.52E+18,appliances,kitchen,blender
6/11/2020 13:16,2.35E+18,2.27E+18,2.27E+18,furniture.kitchen.chair,tefal,20.81,,furniture,kitchen,chair
8/26/2020 3:29,2.38E+18,2.27E+18,2.27E+18,electronics.smartphone,huawei,254.61,1.52E+18,electronics,,smartphone
7/2/2020 11:22,2.35E+18,1.52E+18,2.27E+18,,neo,9.24,,,,
9/17/2020 12:35,2.39E+18,1.52E+18,,,,29.63,,,,
8/18/2020 9:50,2.38E+18,2.27E+18,2.27E+18,,cilek,1385.39,,,,
10/3/2020 8:40,2.39E+18,1.52E+18,2.27E+18,appliances.kitchen.juicer,neo,99.51,1.52E+18,appliances,kitchen,juicer
9/24/2020 5:53,2.39E+18,1.52E+18,2.27E+18,computers.components.cpu,ergolux,2.29,,computers,components,cpu
9/7/2020 7:33,2.39E+18,1.52E+18,2.27E+18,electronics.audio.headphone,sony,45.12,1.52E+18,electronics,audio,headphone
5/16/2020 12:31,2.35E+18,2.27E+18,2.27E+18,,,254.61,,,,
5/23/2020 8:46,2.35E+18,1.52E+18,,,,9.24,,,,
1/30/2020 13:14,2.35E+18,1.52E+18,,,,16.18,,,,
6/10/2020 8:58,2.35E+18,1.52E+18,2.27E+18,appliances.kitchen.hood,electrolux,259.24,,appliances,kitchen,hood
3/27/2020 9:15,2.35E+18,1.52E+18,2.27E+18,apparel.glove,sony,403.45,,apparel,,glove
9/22/2020 11:23,2.39E+18,1.52E+18,2.37E+18,electronics.video.tv,samsung,995.35,,electronics,video,tv
1/16/2020 12:16,2.35E+18,1.52E+18,2.27E+18,electronics.audio.microphone,,20.81,,electronics,audio,microphone
7/9/2020 5:36,2.35E+18,1.52E+18,2.27E+18,stationery.battery,varta,3.47,,stationery,,battery
3/25/2020 11:58,2.35E+18,1.52E+18,2.27E+18,stationery.paper,delux,4.14,1.52E+18,stationery,,paper
1/31/2020 14:36,2.35E+18,1.52E+18,2.27E+18,electronics.smartphone,samsung,196.27,,electronics,,smartphone
3/29/2020 9:29,2.35E+18,1.52E+18,,,,57.87,,,,
6/13/2020 15:06,2.35E+18,1.52E+18,2.27E+18,,sencor,57.85,1.52E+18,,,
1/24/2020 7:15,2.35E+18,1.52E+18,2.37E+18,computers.notebook,microsoft,173.59,,computers,,notebook
9/11/2020 8:14,2.39E+18,1.52E+18,2.27E+18,appliances.kitchen.grill,delonghi,370.35,,appliances,kitchen,grill
3/8/2020 14:44,2.35E+18,1.52E+18,2.27E+18,appliances.kitchen.blender,maxwell,23.13,,appliances,kitchen,blender
3/23/2020 10:44,2.35E+18,1.52E+18,2.27E+18,appliances.environment.vacuum,ozone,6.69,,appliances,environment,vacuum
6/15/2020 12:50,2.35E+18,1.52E+18,2.27E+18,computers.peripherals.joystick,sony,57.85,,computers,peripherals,joystick
7/6/2020 11:00,2.35E+18,2.27E+18,2.27E+18,appliances.kitchen.refrigerators,beko,400.44,1.52E+18,appliances,kitchen,refrigerators
6/18/2020 10:52,2.35E+18,2.27E+18,2.27E+18,computers.components.cooler,hp,4.61,,computers,components,cooler
7/15/2020 8:03,2.35E+18,1.52E+18,2.27E+18,electronics.smartphone,samsung,138.87,1.52E+18,electronics,,smartphone
7/24/2020 4:03,2.36E+18,1.52E+18,2.27E+18,accessories.bag,ggg,30.07,,accessories,,bag
4/6/2020 16:30,2.35E+18,1.52E+18,2.27E+18,appliances.kitchen.mixer,philips,34.7,1.52E+18,appliances,kitchen,mixer
3/11/2020 4:59,2.35E+18,1.52E+18,2.27E+18,electronics.tablet,samsung,185.16,,electronics,,tablet
9/11/2020 9:02,2.39E+18,2.34E+18,2.37E+18,electronics.video.tv,samsung,486.09,1.52E+18,electronics,video,tv
6/1/2020 6:10,2.35E+18,1.52E+18,2.27E+18,appliances.kitchen.washer,bosch,263.4,,appliances,kitchen,washer
11/18/2020 10:18,2.39E+18,1.52E+18,2.27E+18,appliances.environment.vacuum,dyson,300.9,1.52E+18,appliances,environment,vacuum
4/10/2020 8:30,2.35E+18,1.52E+18,2.27E+18,computers.notebook,lenovo,460.63,,computers,,notebook
8/21/2020 10:04,2.38E+18,1.52E+18,2.27E+18,furniture.bedroom.pillow,x-game,8.1,,furniture,bedroom,pillow
3/24/2020 6:34,2.35E+18,1.52E+18,2.27E+18,computers.peripherals.mouse,genius,8.08,,computers,peripherals,mouse
3/5/2020 13:22,2.35E+18,1.52E+18,2.27E+18,electronics.smartphone,huawei,127.29,,electronics,,smartphone
8/28/2020 7:45,2.39E+18,2.27E+18,2.27E+18,appliances.kitchen.meat_grinder,philips,162.01,,appliances,kitchen,meat_grinder
9/25/2020 12:54,2.39E+18,2.27E+18,2.27E+18,appliances.kitchen.fryer,tefal,85.63,,appliances,kitchen,fryer
2/7/2020 12:12,2.35E+18,1.52E+18,2.27E+18,furniture.kitchen.table,tvs,43.96,,furniture,kitchen,table
10/11/2020 9:59,2.39E+18,2.39E+18,2.27E+18,computers.notebook,hp,833.31,1.52E+18,computers,,notebook
2/17/2020 10:59,2.35E+18,1.52E+18,2.27E+18,,ava,1.13,,,,
6/24/2020 12:27,2.35E+18,1.52E+18,,,,16.18,,,,
4/14/2020 9:10,2.35E+18,1.52E+18,2.27E+18,construction.tools.screw,ava,5.76,,construction,tools,screw
8/12/2020 15:45,2.37E+18,1.52E+18,2.27E+18,furniture.kitchen.table,tefal,138.87,1.52E+18,furniture,kitchen,table
6/5/2020 7:47,2.35E+18,2.27E+18,2.27E+18,,ava,192.11,,,,
10/18/2020 14:02,2.39E+18,2.27E+18,2.27E+18,furniture.living_room.chair,dxracer,243.03,1.52E+18,furniture,living_room,chair
9/2/2020 11:38,2.39E+18,1.52E+18,2.27E+18,electronics.smartphone,apple,763.63,,electronics,,smartphone
7/26/2020 8:12,2.36E+18,1.52E+18,2.27E+18,electronics.clocks,apple,277.75,1.52E+18,electronics,,clocks
5/16/2020 11:07,2.35E+18,1.52E+18,2.27E+18,,akvafor,10.16,,,,
4/3/2020 8:02,2.35E+18,1.52E+18,2.27E+18,,,613.4,1.52E+18,,,
5/30/2020 7:10,2.35E+18,1.52E+18,2.27E+18,electronics.clocks,samsung,347.2,,electronics,,clocks
9/10/2020 7:06,2.39E+18,1.52E+18,2.27E+18,appliances.kitchen.meat_grinder,ava,43.96,,appliances,kitchen,meat_grinder
3/15/2020 16:01,2.35E+18,1.52E+18,2.27E+18,computers.components.cooler,ship,9.24,,computers,components,cooler
5/17/2020 6:53,2.35E+18,1.52E+18,2.27E+18,furniture.living_room.shelving,fissman,8.1,,furniture,living_room,shelving
6/17/2020 12:11,2.35E+18,1.52E+18,2.27E+18,appliances.personal.massager,gezatone,57.85,1.52E+18,appliances,personal,massager
10/11/2020 8:51,2.39E+18,2.27E+18,2.27E+18,computers.peripherals.mouse,,2.06,1.52E+18,computers,peripherals,mouse
5/18/2020 10:31,2.35E+18,1.52E+18,2.27E+18,,ava,4.61,,,,
4/11/2020 2:49,2.35E+18,1.52E+18,2.27E+18,electronics.smartphone,samsung,1215.25,,electronics,,smartphone
3/13/2020 9:35,2.35E+18,1.52E+18,2.27E+18,appliances.kitchen.washer,samsung,324.05,,appliances,kitchen,washer
7/17/2020 7:02,2.36E+18,1.52E+18,2.27E+18,electronics.smartphone,samsung,231.23,1.52E+18,electronics,,smartphone
11/7/2020 12:43,2.39E+18,2.39E+18,2.27E+18,appliances.kitchen.washer,bosch,462.94,1.52E+18,appliances,kitchen,washer
3/21/2020 12:01,2.35E+18,1.52E+18,2.27E+18,appliances.kitchen.hood,beko,113.4,,appliances,kitchen,hood
6/26/2020 14:05,2.35E+18,1.52E+18,2.27E+18,appliances.kitchen.refrigerators,bosch,555.53,,appliances,kitchen,refrigerators
9/19/2020 13:24,2.39E+18,1.52E+18,2.27E+18,appliances.personal.scales,vitek,13.87,,appliances,personal,scales
6/25/2020 13:38,2.35E+18,1.52E+18,2.27E+18,appliances.kitchen.washer,samsung,405.07,,appliances,kitchen,washer
1/15/2020 11:58,2.35E+18,1.52E+18,2.27E+18,furniture.kitchen.table,tvs,43.96,,furniture,kitchen,table
2/23/2020 11:08,2.35E+18,1.52E+18,2.27E+18,electronics.tablet,samsung,185.16,,electronics,,tablet
6/29/2020 11:42,2.35E+18,1.52E+18,2.27E+18,,samsung,37.01,,,,
7/14/2020 5:50,2.36E+18,1.52E+18,,,,30.09,,,,
1/19/2020 7:40,2.35E+18,1.52E+18,2.27E+18,,delonghi,47.2,,,,
10/4/2020 5:23,2.39E+18,2.27E+18,2.27E+18,,plantronics,30.07,1.52E+18,,,
3/18/2020 7:53,2.35E+18,1.52E+18,2.36E+18,appliances.environment.air_conditioner,beko,532.38,,appliances,environment,air_conditioner
8/25/2020 5:10,2.38E+18,1.52E+18,2.27E+18,electronics.smartphone,samsung,254.61,,electronics,,smartphone
6/29/2020 8:07,2.35E+18,2.27E+18,2.27E+18,computers.network.router,tp-link,32.38,,computers,network,router
5/22/2020 10:41,2.35E+18,1.52E+18,2.27E+18,,e.gov,13.87,,,,
3/13/2020 9:18,2.35E+18,1.52E+18,2.27E+18,appliances.kitchen.microwave,samsung,185.16,,appliances,kitchen,microwave
7/13/2020 11:35,2.35E+18,1.52E+18,2.27E+18,appliances.environment.fan,ava,13.87,1.52E+18,appliances,environment,fan
10/16/2020 9:29,2.39E+18,1.52E+18,2.27E+18,appliances.kitchen.microwave,ava,43.96,1.52E+18,appliances,kitchen,microwave
6/9/2020 7:45,2.35E+18,1.52E+18,2.27E+18,appliances.kitchen.refrigerators,lg,555.53,,appliances,kitchen,refrigerators
1/5/2020 9:21,2.35E+18,1.52E+18,,,,13.87,,,,
2/9/2020 12:34,2.35E+18,1.52E+18,2.27E+18,,barjher,13.87,1.52E+18,,,
6/29/2020 13:00,2.35E+18,2.27E+18,2.27E+18,appliances.kitchen.hood,electrolux,412.01,,appliances,kitchen,hood
9/23/2020 7:00,2.39E+18,1.52E+18,,,,16.18,,,,
7/2/2020 13:55,2.35E+18,1.52E+18,2.27E+18,furniture.living_room.shelving,victoria,17.34,,furniture,living_room,shelving
2/22/2020 5:06,2.35E+18,2.27E+18,2.27E+18,,grohe,116.67,,,,
11/3/2020 10:39,2.39E+18,1.52E+18,2.37E+18,electronics.video.tv,lg,1736.09,1.52E+18,electronics,video,tv
9/14/2020 13:15,2.39E+18,1.52E+18,2.27E+18,appliances.environment.vacuum,thomas,331,,appliances,environment,vacuum
8/26/2020 9:44,2.38E+18,1.52E+18,2.27E+18,appliances.environment.vacuum,tefal,115.72,,appliances,environment,vacuum
6/23/2020 9:06,2.35E+18,2.27E+18,2.27E+18,,ausini,10.39,,,,
6/17/2020 11:04,2.35E+18,1.52E+18,2.27E+18,computers.components.cpu,intel,370.35,1.52E+18,computers,components,cpu
1/17/2020 14:35,2.35E+18,2.27E+18,2.27E+18,appliances.environment.vacuum,samsung,104.14,,appliances,environment,vacuum
4/13/2020 9:27,2.35E+18,1.52E+18,2.27E+18,electronics.smartphone,samsung,300.9,,electronics,,smartphone
5/27/2020 8:55,2.35E+18,2.27E+18,2.27E+18,appliances.kitchen.refrigerators,samsung,520.81,,appliances,kitchen,refrigerators
6/7/2020 12:17,2.35E+18,2.27E+18,2.27E+18,,neo,30.07,,,,
10/4/2020 11:10,2.39E+18,2.39E+18,2.27E+18,appliances.environment.vacuum,philips,127.29,1.52E+18,appliances,environment,vacuum
8/5/2020 7:56,2.37E+18,1.52E+18,,,,2.29,,,,
6/2/2020 12:29,2.35E+18,2.27E+18,2.27E+18,,pasabahce,4.61,,,,
8/24/2020 5:46,2.38E+18,1.52E+18,,,,16.18,,,,
8/21/2020 9:16,2.38E+18,1.52E+18,,,,18.98,,,,
7/17/2020 9:32,2.36E+18,1.52E+18,2.27E+18,computers.notebook,ipower,9.24,1.52E+18,computers,,notebook
9/21/2020 4:51,2.39E+18,2.27E+18,2.27E+18,furniture.living_room.cabinet,tvs,7.38,,furniture,living_room,cabinet
3/12/2020 15:51,2.35E+18,1.52E+18,2.37E+18,electronics.video.tv,sony,1388.87,,electronics,video,tv
6/16/2020 7:23,2.35E+18,1.52E+18,2.27E+18,electronics.smartphone,samsung,115.72,,electronics,,smartphone
6/10/2020 2:28,2.33E+18,2.27E+18,2.27E+18,appliances.kitchen.kettle,muljhtidom,1.6,1.52E+18,appliances,kitchen,kettle
9/7/2020 8:59,2.39E+18,2.27E+18,2.27E+18,appliances.personal.hair_cutter,remington,32.38,,appliances,personal,hair_cutter
1/29/2020 11:38,2.35E+18,1.52E+18,2.27E+18,furniture.kitchen.table,tvs,43.96,,furniture,kitchen,table
9/3/2020 11:05,2.39E+18,1.52E+18,2.27E+18,,babyliss,27.75,,,,
4/6/2020 7:45,2.35E+18,2.27E+18,2.27E+18,computers.peripherals.monitor,samsung,92.57,,computers,peripherals,monitor
4/23/2020 8:51,2.35E+18,1.52E+18,2.37E+18,electronics.video.tv,tcl,324.05,,electronics,video,tv
2/23/2020 11:05,2.35E+18,1.52E+18,2.27E+18,,rowenta,81,,,,
9/14/2020 16:12,2.39E+18,1.52E+18,2.27E+18,computers.components.hdd,kingston,34.7,1.52E+18,computers,components,hdd
1/17/2020 5:00,2.35E+18,1.52E+18,2.27E+18,stationery.battery,camelion,3.47,,stationery,,battery
7/15/2020 7:13,2.36E+18,1.52E+18,,,,16.18,,,,
1/16/2020 4:42,2.35E+18,1.52E+18,2.27E+18,,ideal,3.91,,,,
3/22/2020 7:48,2.35E+18,1.52E+18,2.27E+18,electronics.clocks,elari,34.7,,electronics,,clocks
9/29/2020 9:37,2.39E+18,1.52E+18,2.27E+18,,huawei,41.64,,,,
3/7/2020 7:31,2.35E+18,1.52E+18,2.27E+18,appliances.iron,philips,55.53,1.52E+18,appliances,,iron
3/4/2020 14:49,2.35E+18,2.27E+18,2.27E+18,,tefal,78.68,,,,
2/19/2020 13:50,2.35E+18,2.27E+18,2.27E+18,appliances.kitchen.kettle,tefal,40.49,,appliances,kitchen,kettle
2/20/2020 12:14,2.35E+18,1.52E+18,2.27E+18,electronics.smartphone,samsung,532.38,,electronics,,smartphone
3/12/2020 9:52,2.35E+18,1.52E+18,2.27E+18,computers.desktop,hp,1497.66,,computers,,desktop
7/10/2020 22:47,2.36E+18,1.52E+18,2.27E+18,,tramp,1.37,1.52E+18,,,
3/8/2020 13:58,2.35E+18,1.52E+18,2.27E+18,,transcend,18.5,,,,
6/16/2020 9:08,2.35E+18,1.52E+18,2.27E+18,,samsung,42.8,,,,
1/24/2020 9:05,2.35E+18,1.52E+18,,,,57.87,,,,
10/6/2020 11:51,2.39E+18,1.52E+18,,,,57.87,1.52E+18,,,
5/16/2020 9:31,2.35E+18,2.27E+18,2.27E+18,,nika,16.18,,,,
3/18/2020 10:11,2.35E+18,2.27E+18,2.27E+18,furniture.bedroom.pillow,dogland,36.39,,furniture,bedroom,pillow
6/11/2020 7:06,2.35E+18,1.52E+18,2.27E+18,appliances.personal.scales,polaris,15.02,,appliances,personal,scales
5/23/2020 10:54,2.35E+18,1.52E+18,2.27E+18,appliances.kitchen.meat_grinder,bosch,111.09,,appliances,kitchen,meat_grinder
2/3/2020 13:39,2.35E+18,1.52E+18,2.27E+18,appliances.environment.vacuum,vitek,78.68,,appliances,environment,vacuum
9/21/2020 4:53,2.39E+18,1.52E+18,2.27E+18,furniture.kitchen.chair,rondell,25.44,,furniture,kitchen,chair
2/8/2020 9:26,2.35E+18,2.27E+18,2.27E+18,,philips,150.44,,,,
6/10/2020 10:59,2.35E+18,1.52E+18,2.27E+18,appliances.kitchen.oven,samsung,347.2,,appliances,kitchen,oven
8/30/2020 14:05,2.39E+18,1.52E+18,2.27E+18,electronics.smartphone,xiaomi,208.31,1.52E+18,electronics,,smartphone
2/10/2020 11:55,2.35E+18,1.52E+18,2.27E+18,computers.components.hdd,transcend,54.38,,computers,components,hdd
5/10/2020 11:20,2.35E+18,1.52E+18,2.27E+18,appliances.sewing_machine,janome,199.05,,appliances,,sewing_machine
10/23/2020 0:44,2.39E+18,1.52E+18,2.27E+18,electronics.smartphone,samsung,810.16,1.52E+18,electronics,,smartphone
5/24/2020 11:17,2.35E+18,1.52E+18,2.27E+18,electronics.smartphone,samsung,208.31,,electronics,,smartphone
2/15/2020 5:26,2.35E+18,1.52E+18,2.27E+18,electronics.smartphone,oppo,208.31,,electronics,,smartphone
8/29/2020 4:07,2.39E+18,1.52E+18,2.27E+18,computers.network.router,mercusys,7.38,,computers,network,router
5/24/2020 11:26,2.35E+18,1.52E+18,,,,8.1,,,,
8/21/2020 8:10,2.38E+18,2.27E+18,2.27E+18,appliances.iron,nika,6.92,,appliances,,iron
8/21/2020 9:45,2.38E+18,1.52E+18,2.27E+18,appliances.environment.water_heater,midea,85.63,,appliances,environment,water_heater
9/15/2020 11:28,2.39E+18,1.52E+18,2.27E+18,appliances.kitchen.meat_grinder,moulinex,238.4,,appliances,kitchen,meat_grinder
3/29/2020 10:34,2.35E+18,1.52E+18,2.27E+18,,samsung,34.7,,,,
10/24/2020 5:29,2.39E+18,1.52E+18,2.27E+18,computers.components.cpu,amd,175.9,1.52E+18,computers,components,cpu
5/9/2020 6:54,2.35E+18,2.27E+18,2.27E+18,appliances.ironing_board,perilla,34.7,,appliances,,ironing_board
3/28/2020 10:39,2.35E+18,1.52E+18,2.27E+18,appliances.kitchen.refrigerators,ava,196.74,,appliances,kitchen,refrigerators
9/23/2020 7:10,2.39E+18,1.52E+18,2.27E+18,computers.components.hdd,transcend,99.51,,computers,components,hdd
6/5/2020 7:44,2.32E+18,1.52E+18,2.36E+18,appliances.environment.air_conditioner,ava,138.87,1.52E+18,appliances,environment,air_conditioner
9/7/2020 16:25,2.39E+18,1.52E+18,2.27E+18,,,41.64,1.52E+18,,,
8/10/2020 3:58,2.37E+18,1.52E+18,2.27E+18,electronics.smartphone,samsung,300.9,1.52E+18,electronics,,smartphone
6/19/2020 11:39,2.35E+18,2.27E+18,2.27E+18,,grohe,116.67,,,,
6/7/2020 8:52,2.35E+18,1.52E+18,,,,29.63,,,,
9/8/2020 6:30,2.39E+18,2.27E+18,2.27E+18,,komax,3.45,1.52E+18,,,
2/2/2020 12:01,2.35E+18,2.27E+18,2.27E+18,furniture.kitchen.table,rondell,17.8,,furniture,kitchen,table
1/21/2020 6:10,2.35E+18,2.27E+18,2.27E+18,,lumax,18.5,,,,
3/4/2020 11:53,2.35E+18,2.27E+18,2.27E+18,,samsung,4.61,1.52E+18,,,
5/23/2020 9:51,2.32E+18,2.27E+18,2.27E+18,furniture.kitchen.chair,tefal,20.81,1.52E+18,furniture,kitchen,chair
7/9/2020 5:42,2.35E+18,1.52E+18,2.27E+18,furniture.kitchen.table,tefal,138.87,1.52E+18,furniture,kitchen,table
6/23/2020 12:31,2.35E+18,2.27E+18,2.27E+18,electronics.telephone,panasonic,29.14,,electronics,,telephone
8/19/2020 18:36,2.38E+18,1.52E+18,2.27E+18,,berghoff,10.16,1.52E+18,,,
9/3/2020 11:55,2.39E+18,1.52E+18,2.27E+18,electronics.smartphone,apple,208.31,,electronics,,smartphone
10/31/2020 13:49,2.39E+18,1.52E+18,2.27E+18,appliances.iron,tefal,62.48,1.52E+18,appliances,,iron
2/20/2020 13:54,2.35E+18,1.52E+18,2.27E+18,stationery.battery,varta,2.08,,stationery,,battery
3/7/2020 11:01,2.35E+18,2.27E+18,2.27E+18,electronics.smartphone,huawei,254.61,,electronics,,smartphone
7/17/2020 3:51,2.36E+18,2.31E+18,2.27E+18,computers.components.motherboard,gigabyte,71.97,1.52E+18,computers,components,motherboard
3/8/2020 6:01,2.35E+18,1.52E+18,2.27E+18,,,3.91,,,,
3/18/2020 12:11,2.35E+18,1.52E+18,2.27E+18,,samsung,4.61,,,,
6/19/2020 11:30,2.35E+18,2.27E+18,2.27E+18,electronics.smartphone,huawei,254.61,,electronics,,smartphone
10/4/2020 7:53,2.39E+18,1.52E+18,2.27E+18,appliances.kitchen.juicer,neo,99.51,1.52E+18,appliances,kitchen,juicer
6/18/2020 8:11,2.35E+18,1.52E+18,,,,8.1,,,,
6/20/2020 5:28,2.35E+18,2.27E+18,2.27E+18,appliances.ironing_board,perilla,34.7,,appliances,,ironing_board
5/15/2020 5:23,2.35E+18,1.52E+18,2.27E+18,appliances.kitchen.kettle,ava,18.5,,appliances,kitchen,kettle
6/24/2020 17:42,2.34E+18,1.52E+18,2.27E+18,,technodom,3.45,1.52E+18,,,
9/8/2020 11:58,2.39E+18,1.52E+18,2.27E+18,,technodom,23.13,,,,
1/15/2020 6:24,2.35E+18,1.52E+18,,,,17.36,,,,
10/16/2020 6:04,2.39E+18,1.52E+18,2.27E+18,electronics.smartphone,oppo,208.31,1.52E+18,electronics,,smartphone
8/25/2020 11:21,2.38E+18,2.27E+18,2.27E+18,stationery.battery,duracell,1.62,,stationery,,battery
3/7/2020 12:03,2.35E+18,1.52E+18,2.27E+18,,philips,34.7,,,,
2/22/2020 5:06,2.35E+18,1.52E+18,2.27E+18,electronics.smartphone,xiaomi,110.86,,electronics,,smartphone
7/11/2020 4:25,2.35E+18,1.52E+18,2.27E+18,furniture.kitchen.table,tefal,19.65,,furniture,kitchen,table
5/21/2020 7:33,2.35E+18,2.30E+18,2.27E+18,electronics.smartphone,oppo,185.16,,electronics,,smartphone
11/5/2020 7:16,2.39E+18,1.52E+18,2.27E+18,,filtero,4.61,1.52E+18,,,
8/31/2020 8:10,2.39E+18,1.52E+18,2.27E+18,,samsung,10.39,,,,
10/22/2020 7:33,2.39E+18,2.27E+18,2.27E+18,electronics.smartphone,huawei,254.61,1.52E+18,electronics,,smartphone
9/21/2020 6:07,2.39E+18,1.52E+18,2.27E+18,appliances.kitchen.refrigerators,gorenje,381.92,,appliances,kitchen,refrigerators
3/27/2020 12:06,2.35E+18,1.52E+18,,,,4.63,,,,
9/30/2020 11:04,2.39E+18,1.52E+18,2.27E+18,computers.components.cpu,kenwood,856.46,,computers,components,cpu
4/17/2020 17:45,2.35E+18,2.27E+18,2.27E+18,appliances.kitchen.hood,samsung,259.24,,appliances,kitchen,hood
4/14/2020 11:44,2.35E+18,2.27E+18,2.27E+18,computers.peripherals.mouse,delux,3.45,,computers,peripherals,mouse
10/22/2020 12:11,2.39E+18,1.52E+18,2.27E+18,appliances.kitchen.hood,beko,256.92,1.52E+18,appliances,kitchen,hood
9/4/2020 11:24,2.39E+18,2.27E+18,2.27E+18,computers.peripherals.printer,epson,194.42,,computers,peripherals,printer
9/21/2020 4:45,2.39E+18,1.52E+18,,,,0.42,1.52E+18,,,
8/20/2020 14:03,2.38E+18,1.52E+18,2.27E+18,electronics.smartphone,apple,1433.54,,electronics,,smartphone
1/10/2020 12:06,2.35E+18,1.52E+18,2.27E+18,electronics.smartphone,apple,740.72,,electronics,,smartphone
2/13/2020 13:26,2.35E+18,1.52E+18,2.27E+18,,sencor,27.75,,,,
10/11/2020 15:20,2.39E+18,1.52E+18,2.27E+18,computers.desktop,apple,2083.31,1.52E+18,computers,,desktop
5/10/2020 5:44,2.35E+18,1.52E+18,,,,16.18,,,,
3/12/2020 5:32,2.35E+18,1.52E+18,2.27E+18,construction.tools.screw,ava,3.45,,construction,tools,screw
5/25/2020 6:16,2.35E+18,1.52E+18,2.36E+18,appliances.environment.air_conditioner,beko,266.18,,appliances,environment,air_conditioner
2/17/2020 12:30,2.35E+18,1.52E+18,2.27E+18,appliances.iron,vitek,20.81,,appliances,,iron
3/28/2020 7:55,2.35E+18,1.52E+18,2.27E+18,furniture.kitchen.table,,11.55,,furniture,kitchen,table
2/12/2020 11:34,2.35E+18,1.52E+18,2.27E+18,electronics.smartphone,apple,925.67,,electronics,,smartphone
5/26/2020 9:19,2.35E+18,1.52E+18,2.27E+18,appliances.kitchen.refrigerators,neo,208.31,,appliances,kitchen,refrigerators
3/21/2020 11:10,2.35E+18,2.27E+18,2.27E+18,electronics.tablet,samsung,56.69,,electronics,,tablet
2/5/2020 14:14,2.35E+18,1.52E+18,2.27E+18,appliances.kitchen.meat_grinder,vitek,50.9,,appliances,kitchen,meat_grinder
5/28/2020 11:45,2.35E+18,1.52E+18,2.27E+18,electronics.audio.headphone,sony,9.24,,electronics,audio,headphone
3/6/2020 14:18,2.35E+18,1.52E+18,,,,4.63,,,,
9/9/2020 7:51,2.39E+18,2.27E+18,2.27E+18,appliances.personal.scales,ava,11.55,1.52E+18,appliances,personal,scales
9/5/2020 5:29,2.39E+18,1.52E+18,,,,29.63,,,,
3/25/2020 6:08,2.35E+18,1.52E+18,,,,8.1,,,,
1/8/2020 12:51,2.35E+18,1.52E+18,2.27E+18,appliances.iron,philips,67.11,,appliances,,iron
3/30/2020 4:41,2.35E+18,1.52E+18,2.27E+18,electronics.audio.headphone,xiaomi,25.44,,electronics,audio,headphone
5/30/2020 6:51,2.35E+18,1.52E+18,2.27E+18,electronics.audio.headphone,samsung,81,,electronics,audio,headphone
6/23/2020 12:21,2.35E+18,1.52E+18,2.27E+18,electronics.audio.headphone,jbl,92.57,,electronics,audio,headphone
5/20/2020 8:25,2.35E+18,2.27E+18,2.27E+18,furniture.kitchen.table,philips,69.42,,furniture,kitchen,table
8/3/2020 17:21,2.37E+18,1.52E+18,2.27E+18,kids.skates,ninebot,608.77,1.52E+18,kids,,skates
9/23/2020 11:34,2.39E+18,2.27E+18,2.27E+18,appliances.personal.scales,scarlett,28.91,,appliances,personal,scales
3/5/2020 8:08,2.35E+18,1.52E+18,2.27E+18,appliances.kitchen.refrigerators,neo,231.46,,appliances,kitchen,refrigerators
3/8/2020 9:49,2.35E+18,2.27E+18,2.27E+18,,neo,30.07,,,,
1/26/2020 13:00,2.35E+18,2.27E+18,2.27E+18,stationery.battery,camelion,1.39,,stationery,,battery
4/24/2020 5:24,2.35E+18,2.27E+18,2.27E+18,,akvafor,10.86,,,,
7/1/2020 9:41,2.35E+18,1.52E+18,2.27E+18,appliances.kitchen.washer,bosch,347.2,,appliances,kitchen,washer
10/4/2020 10:49,2.39E+18,1.52E+18,2.27E+18,,technodom,1.13,1.52E+18,,,
11/9/2020 7:38,2.39E+18,1.52E+18,2.27E+18,appliances.environment.vacuum,samsung,6.92,1.52E+18,appliances,environment,vacuum
8/18/2020 9:36,2.38E+18,1.52E+18,2.37E+18,electronics.video.tv,tcl,162.01,,electronics,video,tv
6/9/2020 13:44,2.35E+18,1.52E+18,2.27E+18,,polaris,27.75,,,,
8/26/2020 10:31,2.38E+18,2.27E+18,2.27E+18,,neo,30.07,,,,
1/13/2020 11:13,2.35E+18,2.27E+18,2.27E+18,,,5.07,,,,
1/21/2020 14:32,2.35E+18,1.52E+18,2.27E+18,,ava,0.02,,,,
3/26/2020 8:43,2.35E+18,1.52E+18,2.37E+18,electronics.video.tv,lg,358.77,,electronics,video,tv
1/21/2020 8:28,2.35E+18,1.52E+18,2.27E+18,electronics.smartphone,samsung,115.72,,electronics,,smartphone
3/21/2020 10:44,2.35E+18,1.52E+18,,,,16.18,,,,
9/19/2020 15:27,2.39E+18,1.52E+18,2.27E+18,,,46.27,,,,
2/19/2020 5:59,2.35E+18,1.52E+18,,,,17.36,,,,
5/28/2020 9:43,2.35E+18,1.52E+18,2.27E+18,,coolinar,3.22,,,,
6/24/2020 6:40,2.35E+18,1.52E+18,2.27E+18,appliances.kitchen.blender,braun,115.72,,appliances,kitchen,blender
8/7/2020 7:16,2.37E+18,1.52E+18,2.27E+18,electronics.audio.headphone,apple,324.05,1.52E+18,electronics,audio,headphone
10/13/2020 8:04,2.39E+18,1.52E+18,2.27E+18,electronics.smartphone,samsung,254.61,1.52E+18,electronics,,smartphone
3/8/2020 6:35,2.35E+18,2.27E+18,2.27E+18,electronics.audio.headphone,jbl,10.86,,electronics,audio,headphone
9/29/2020 5:10,2.39E+18,1.52E+18,2.27E+18,electronics.tablet,samsung,162.01,1.52E+18,electronics,,tablet
9/14/2020 10:23,2.39E+18,1.52E+18,2.27E+18,appliances.kitchen.hood,samsung,138.87,,appliances,kitchen,hood
3/8/2020 5:43,2.35E+18,2.27E+18,2.27E+18,appliances.environment.vacuum,tefal,133.08,,appliances,environment,vacuum
3/8/2020 9:12,2.35E+18,1.52E+18,2.27E+18,appliances.personal.scales,tefal,24.28,,appliances,personal,scales
2/15/2020 11:52,2.35E+18,1.52E+18,2.27E+18,appliances.kitchen.dishwasher,gorenje,578.68,,appliances,kitchen,dishwasher
9/30/2020 12:46,2.39E+18,1.52E+18,2.27E+18,appliances.kitchen.hood,,162.01,,appliances,kitchen,hood
8/21/2020 5:02,2.38E+18,1.52E+18,2.27E+18,,ava,451.37,,,,
8/24/2020 14:42,2.38E+18,1.52E+18,2.27E+18,appliances.kitchen.hood,jetair,50.9,1.52E+18,appliances,kitchen,hood
10/6/2020 11:29,2.39E+18,1.52E+18,,,,17.36,1.52E+18,,,
7/29/2020 3:27,2.36E+18,1.52E+18,2.36E+18,appliances.environment.air_conditioner,beko,231.46,1.52E+18,appliances,environment,air_conditioner
8/2/2020 7:13,2.37E+18,1.52E+18,2.27E+18,furniture.living_room.chair,gamdias,243.03,1.52E+18,furniture,living_room,chair
9/2/2020 10:28,2.39E+18,1.52E+18,,,,41.64,,,,
2/1/2020 8:40,2.35E+18,1.52E+18,2.27E+18,electronics.smartphone,apple,763.63,,electronics,,smartphone
3/21/2020 11:54,2.35E+18,1.52E+18,2.27E+18,,tefal,8.31,,,,
8/17/2020 6:45,2.38E+18,1.52E+18,,,,13.89,,,,
3/19/2020 11:56,2.35E+18,1.52E+18,2.27E+18,furniture.kitchen.table,,33.54,,furniture,kitchen,table
3/7/2020 15:23,2.35E+18,1.52E+18,2.27E+18,electronics.smartphone,samsung,115.49,,electronics,,smartphone
10/23/2020 5:41,2.39E+18,2.39E+18,2.27E+18,,darina,150.44,1.52E+18,,,
5/22/2020 11:01,2.35E+18,1.52E+18,2.27E+18,,berghoff,12.01,,,,
6/26/2020 12:27,2.35E+18,1.52E+18,,,,16.18,,,,
6/4/2020 4:58,2.35E+18,2.27E+18,2.27E+18,,neo,115.72,,,,
2/10/2020 4:56,2.35E+18,1.52E+18,,,,8.1,,,,
6/9/2020 14:29,2.35E+18,1.52E+18,2.27E+18,electronics.clocks,samsung,277.75,1.52E+18,electronics,,clocks
2/20/2020 8:18,2.35E+18,1.52E+18,2.27E+18,electronics.smartphone,samsung,115.72,,electronics,,smartphone
6/28/2020 10:53,2.35E+18,1.52E+18,2.27E+18,electronics.audio.headphone,jbl,16.88,,electronics,audio,headphone
1/14/2020 12:47,2.35E+18,1.52E+18,2.27E+18,,transcend,6.92,,,,
8/27/2020 10:43,2.39E+18,1.52E+18,2.27E+18,electronics.audio.acoustic,lg,340.49,,electronics,audio,acoustic
3/21/2020 10:49,2.35E+18,2.27E+18,2.27E+18,appliances.environment.vacuum,samsung,104.14,,appliances,environment,vacuum
9/18/2020 8:44,2.39E+18,1.52E+18,2.27E+18,furniture.bedroom.pillow,mattel,3.45,,furniture,bedroom,pillow
6/4/2020 8:39,2.35E+18,1.52E+18,2.27E+18,electronics.smartphone,vivo,150.44,,electronics,,smartphone
2/3/2020 15:32,2.35E+18,1.52E+18,,,,16.18,,,,
7/20/2020 11:32,2.36E+18,1.52E+18,2.27E+18,electronics.smartphone,samsung,115.49,,electronics,,smartphone
2/12/2020 9:01,2.35E+18,1.52E+18,2.27E+18,,barjher,4.61,,,,
3/8/2020 10:27,2.35E+18,1.52E+18,2.27E+18,,polimerbiht,3.22,,,,
2/22/2020 11:04,2.35E+18,1.52E+18,2.27E+18,furniture.kitchen.chair,pyrex,102.06,1.52E+18,furniture,kitchen,chair
3/26/2020 7:56,2.35E+18,1.52E+18,,,,69.44,,,,
6/5/2020 6:56,2.35E+18,1.52E+18,2.27E+18,furniture.kitchen.table,tefal,25.44,,furniture,kitchen,table
7/19/2020 8:52,2.36E+18,1.52E+18,2.27E+18,appliances.kitchen.meat_grinder,moulinex,57.85,1.52E+18,appliances,kitchen,meat_grinder
9/18/2020 10:14,2.39E+18,1.52E+18,2.27E+18,electronics.smartphone,samsung,254.61,,electronics,,smartphone
6/10/2020 8:58,2.35E+18,1.52E+18,2.37E+18,electronics.video.tv,ava,162.01,,electronics,video,tv
3/7/2020 5:44,2.35E+18,1.52E+18,,,,25.46,,,,
7/11/2020 5:23,2.35E+18,1.52E+18,2.27E+18,appliances.kitchen.refrigerators,gorenje,300.9,,appliances,kitchen,refrigerators
8/24/2020 10:46,2.38E+18,2.27E+18,2.27E+18,,compliment,3.73,,,,
6/3/2020 12:54,2.35E+18,2.27E+18,2.27E+18,appliances.personal.scales,ava,11.55,,appliances,personal,scales
3/28/2020 5:39,2.35E+18,1.52E+18,2.27E+18,electronics.smartphone,huawei,347.2,,electronics,,smartphone
3/8/2020 7:24,2.35E+18,1.52E+18,2.27E+18,appliances.kitchen.oven,electrolux,361.09,,appliances,kitchen,oven
1/28/2020 10:01,2.35E+18,1.52E+18,2.27E+18,stationery.battery,camelion,2.31,,stationery,,battery
11/19/2020 9:18,2.39E+18,1.52E+18,2.27E+18,appliances.kitchen.washer,samsung,462.94,1.52E+18,appliances,kitchen,washer
5/29/2020 7:38,2.35E+18,1.52E+18,2.27E+18,,aksion,30.07,,,,
6/29/2020 3:56,2.34E+18,1.52E+18,2.27E+18,computers.components.hdd,transcend,26.83,1.52E+18,computers,components,hdd
8/20/2020 8:42,2.38E+18,1.52E+18,2.27E+18,electronics.smartphone,oppo,138.87,,electronics,,smartphone
4/13/2020 3:00,2.35E+18,1.52E+18,2.37E+18,electronics.video.tv,ava,162.01,,electronics,video,tv
2/18/2020 5:19,2.35E+18,1.52E+18,2.27E+18,appliances.kitchen.washer,indesit,253.91,,appliances,kitchen,washer
5/20/2020 6:57,2.35E+18,1.52E+18,2.27E+18,electronics.tablet,apple,509.24,,electronics,,tablet
2/25/2020 10:23,2.35E+18,1.52E+18,2.27E+18,computers.peripherals.mouse,genius,11.55,,computers,peripherals,mouse
3/5/2020 10:25,2.35E+18,1.52E+18,2.27E+18,appliances.personal.scales,polaris,30.07,,appliances,personal,scales
3/22/2020 5:49,2.35E+18,1.52E+18,2.27E+18,appliances.kitchen.oven,gorenje,393.5,,appliances,kitchen,oven
1/31/2020 5:45,2.35E+18,1.52E+18,,,,9.26,,,,
1/6/2020 9:16,2.35E+18,2.27E+18,2.27E+18,,,1.04,,,,
7/27/2020 10:08,2.36E+18,1.52E+18,2.27E+18,electronics.smartphone,samsung,115.72,1.52E+18,electronics,,smartphone
3/30/2020 5:16,2.35E+18,1.52E+18,2.27E+18,appliances.kitchen.washer,lg,289.33,,appliances,kitchen,washer
9/6/2020 7:55,2.39E+18,1.52E+18,2.27E+18,electronics.smartphone,samsung,347.2,,electronics,,smartphone
2/15/2020 12:29,2.35E+18,1.52E+18,2.27E+18,appliances.personal.scales,sencor,16.18,,appliances,personal,scales
5/8/2020 10:38,2.35E+18,1.52E+18,2.27E+18,electronics.smartphone,samsung,115.72,,electronics,,smartphone
9/14/2020 11:38,2.39E+18,1.52E+18,2.27E+18,electronics.smartphone,samsung,254.61,,electronics,,smartphone
5/26/2020 11:51,2.35E+18,1.52E+18,2.27E+18,electronics.smartphone,samsung,196.27,,electronics,,smartphone
2/20/2020 5:11,2.35E+18,2.27E+18,2.27E+18,appliances.personal.scales,ava,12.71,,appliances,personal,scales
3/7/2020 14:56,2.35E+18,1.52E+18,2.27E+18,appliances.kitchen.blender,braun,115.72,,appliances,kitchen,blender
10/11/2020 13:59,2.39E+18,1.52E+18,2.27E+18,,,46.27,1.52E+18,,,
7/1/2020 13:37,2.35E+18,1.52E+18,2.27E+18,furniture.kitchen.table,tefal,28.91,,furniture,kitchen,table
5/31/2020 8:43,2.35E+18,1.52E+18,2.27E+18,appliances.kitchen.microwave,hotpoint-ariston,92.57,,appliances,kitchen,microwave
9/21/2020 9:30,2.39E+18,1.52E+18,2.27E+18,appliances.iron,tefal,115.72,,appliances,,iron
10/22/2020 10:51,2.39E+18,1.52E+18,2.37E+18,electronics.video.tv,samsung,995.35,1.52E+18,electronics,video,tv
2/22/2020 9:09,2.35E+18,1.52E+18,2.27E+18,electronics.tablet,samsung,185.16,1.52E+18,electronics,,tablet
7/4/2020 11:40,2.35E+18,1.52E+18,2.27E+18,computers.notebook,microlab,78.68,,computers,,notebook
1/1/1970 0:33,2.35E+18,1.52E+18,2.27E+18,electronics.smartphone,samsung,138.87,,electronics,,smartphone
8/19/2020 7:05,2.38E+18,1.52E+18,2.27E+18,computers.components.cpu,bosch,296.27,,computers,components,cpu
6/14/2020 7:41,2.35E+18,1.52E+18,,,,92.59,,,,
7/3/2020 11:32,2.35E+18,1.52E+18,2.37E+18,electronics.video.tv,okko,10.42,,electronics,video,tv
6/23/2020 6:47,2.35E+18,1.52E+18,2.27E+18,stationery.battery,varta,3.47,,stationery,,battery
5/22/2020 7:03,2.35E+18,2.27E+18,2.27E+18,appliances.kitchen.microwave,samsung,115.72,,appliances,kitchen,microwave
2/8/2020 12:48,2.35E+18,1.52E+18,2.27E+18,appliances.kitchen.kettle,vitek,30.07,,appliances,kitchen,kettle
8/25/2020 13:27,2.38E+18,2.27E+18,2.27E+18,,deluxe,27.75,1.52E+18,,,
6/13/2020 5:44,2.35E+18,1.52E+18,2.36E+18,appliances.environment.air_conditioner,ava,162.01,,appliances,environment,air_conditioner
2/25/2020 11:31,2.35E+18,1.52E+18,,,,29.63,,,,
1/22/2020 14:52,2.35E+18,1.52E+18,2.27E+18,appliances.sewing_machine,janome,175.9,,appliances,,sewing_machine
2/1/2020 9:26,2.35E+18,2.27E+18,2.27E+18,appliances.environment.vacuum,samsung,104.14,,appliances,environment,vacuum
11/19/2020 12:28,2.39E+18,1.52E+18,2.27E+18,appliances.kitchen.refrigerators,lg,648.13,1.52E+18,appliances,kitchen,refrigerators
10/23/2020 11:38,2.39E+18,1.52E+18,2.27E+18,appliances.kitchen.hood,electrolux,296.27,1.52E+18,appliances,kitchen,hood
6/9/2020 12:04,2.35E+18,1.52E+18,2.27E+18,computers.peripherals.keyboard,razer,106.46,,computers,peripherals,keyboard
9/17/2020 8:48,2.39E+18,1.52E+18,2.27E+18,,apple,28.45,,,,
7/3/2020 6:34,2.35E+18,1.52E+18,2.27E+18,electronics.audio.headphone,bloody,34.7,,electronics,audio,headphone
1/30/2020 13:45,2.35E+18,1.52E+18,2.27E+18,,glasslock,5.3,,,,
6/22/2020 4:47,2.35E+18,1.52E+18,2.27E+18,,ava,2.29,,,,
7/6/2020 11:29,2.35E+18,1.52E+18,2.27E+18,,akvafor,12.25,1.52E+18,,,
2/23/2020 8:22,2.35E+18,1.52E+18,2.27E+18,appliances.iron,philips,55.53,,appliances,,iron
6/6/2020 6:28,2.35E+18,1.52E+18,2.27E+18,appliances.kitchen.washer,ava,90.02,,appliances,kitchen,washer
8/17/2020 14:30,2.38E+18,1.52E+18,,,,10.42,,,,
10/17/2020 6:10,2.39E+18,1.52E+18,2.27E+18,electronics.smartphone,samsung,138.87,1.52E+18,electronics,,smartphone
3/15/2020 13:27,2.35E+18,2.27E+18,2.27E+18,,neo,78.68,,,,
6/14/2020 12:23,2.35E+18,1.52E+18,2.27E+18,appliances.iron,maxwell,18.5,,appliances,,iron
8/17/2020 3:18,2.38E+18,1.52E+18,2.27E+18,appliances.iron,maxwell,18.5,1.52E+18,appliances,,iron
1/18/2020 12:51,2.35E+18,1.52E+18,,,,16.18,,,,
6/1/2020 9:00,2.35E+18,1.52E+18,2.36E+18,appliances.environment.air_conditioner,ava,162.01,,appliances,environment,air_conditioner
11/3/2020 11:50,2.39E+18,2.27E+18,2.27E+18,,sbs,1.83,1.52E+18,,,
8/25/2020 8:43,2.38E+18,2.27E+18,2.27E+18,appliances.personal.scales,maxwell,16.18,,appliances,personal,scales
3/6/2020 7:04,2.35E+18,1.52E+18,2.27E+18,appliances.kitchen.grill,tefal,231.46,,appliances,kitchen,grill
9/14/2020 12:01,2.39E+18,1.52E+18,2.27E+18,,maestro,7.85,,,,
1/5/2020 10:27,2.35E+18,1.52E+18,2.27E+18,furniture.living_room.cabinet,tvs,6.46,,furniture,living_room,cabinet
5/25/2020 5:04,2.32E+18,1.52E+18,2.27E+18,electronics.smartphone,honor,124.98,1.52E+18,electronics,,smartphone
9/8/2020 7:57,2.39E+18,1.52E+18,2.27E+18,,technodom,13.87,,,,
8/9/2020 8:31,2.37E+18,1.52E+18,2.37E+18,electronics.video.tv,samsung,451.37,1.52E+18,electronics,video,tv
2/17/2020 9:55,2.35E+18,1.52E+18,2.27E+18,appliances.environment.vacuum,tefal,18.5,,appliances,environment,vacuum
8/4/2020 5:45,2.37E+18,1.52E+18,2.27E+18,electronics.smartphone,samsung,231.23,1.52E+18,electronics,,smartphone
6/25/2020 10:00,2.35E+18,1.52E+18,2.27E+18,,samsung,30.07,,,,
9/9/2020 7:21,2.39E+18,1.52E+18,2.27E+18,,fissman,18.5,,,,
1/5/2020 6:35,2.35E+18,2.27E+18,2.27E+18,,xiaomi,33.54,1.52E+18,,,
8/18/2020 8:12,2.38E+18,1.52E+18,2.37E+18,electronics.video.tv,aoc,185.16,1.52E+18,electronics,video,tv
8/16/2020 14:58,2.38E+18,1.52E+18,2.27E+18,electronics.smartphone,apple,1387.01,1.52E+18,electronics,,smartphone
2/4/2020 11:10,2.35E+18,2.27E+18,2.27E+18,medicine.tools.tonometer,philips,43.96,,medicine,tools,tonometer
7/4/2020 9:07,2.35E+18,1.52E+18,2.37E+18,electronics.video.tv,lg,370.35,,electronics,video,tv
7/25/2020 19:19,2.36E+18,1.52E+18,2.27E+18,appliances.kitchen.kettle,redmond,37.01,1.52E+18,appliances,kitchen,kettle
1/31/2020 12:19,2.35E+18,1.52E+18,2.27E+18,computers.network.router,tp-link,27.75,,computers,network,router
5/17/2020 7:22,2.35E+18,1.52E+18,2.27E+18,electronics.smartphone,huawei,347.2,,electronics,,smartphone
3/8/2020 12:13,2.35E+18,1.52E+18,2.27E+18,electronics.smartphone,oppo,115.49,1.52E+18,electronics,,smartphone
5/31/2020 5:10,2.35E+18,1.52E+18,2.27E+18,electronics.smartphone,oppo,115.49,,electronics,,smartphone
9/7/2020 13:37,2.39E+18,1.52E+18,2.27E+18,,technodom,13.87,,,,
5/29/2020 6:00,2.35E+18,2.27E+18,2.27E+18,computers.notebook,deepcool,34.7,,computers,,notebook
2/8/2020 11:56,2.35E+18,1.52E+18,,,,16.18,,,,
9/1/2020 10:37,2.39E+18,1.52E+18,2.27E+18,appliances.kitchen.oven,samsung,347.2,,appliances,kitchen,oven
11/18/2020 5:52,2.39E+18,2.39E+18,,,,11.55,1.52E+18,,,
11/14/2020 11:08,2.39E+18,1.52E+18,2.27E+18,furniture.living_room.shelving,pyrex,15.72,1.52E+18,furniture,living_room,shelving
9/4/2020 12:12,2.39E+18,1.52E+18,2.27E+18,furniture.kitchen.table,,23.13,,furniture,kitchen,table
5/29/2020 9:20,2.35E+18,1.52E+18,2.27E+18,,neo,16.18,,,,
11/7/2020 5:10,2.39E+18,1.52E+18,2.27E+18,appliances.kitchen.microwave,ava,69.42,1.52E+18,appliances,kitchen,microwave
2/22/2020 6:46,2.35E+18,1.52E+18,,,,9.26,,,,
11/7/2020 13:24,2.39E+18,1.52E+18,,,,16.18,1.52E+18,,,
2/8/2020 10:24,2.35E+18,2.27E+18,2.27E+18,appliances.iron,vitek,30.07,,appliances,,iron
3/29/2020 8:58,2.35E+18,2.27E+18,2.27E+18,computers.components.cpu,moulinex,394.65,,computers,components,cpu
1/26/2020 6:15,2.35E+18,1.52E+18,,,,8.1,,,,
7/3/2020 12:07,2.35E+18,1.52E+18,2.27E+18,computers.components.cpu,camelion,2.29,,computers,components,cpu
5/30/2020 11:08,2.35E+18,1.52E+18,2.27E+18,appliances.kitchen.blender,scarlett,33.54,,appliances,kitchen,blender
10/2/2020 6:54,2.39E+18,1.52E+18,2.27E+18,accessories.bag,,39.33,1.52E+18,accessories,,bag
5/8/2020 6:41,2.35E+18,1.52E+18,2.27E+18,stationery.battery,camelion,2.31,,stationery,,battery
8/24/2020 15:06,2.38E+18,1.52E+18,2.27E+18,,rowenta,32.38,,,,
5/16/2020 10:14,2.35E+18,2.27E+18,2.27E+18,electronics.smartphone,huawei,162.01,,electronics,,smartphone
2/16/2020 12:05,2.35E+18,2.27E+18,2.27E+18,,neo,30.07,,,,
9/4/2020 12:06,2.39E+18,1.52E+18,,,,16.2,,,,
3/5/2020 11:10,2.35E+18,1.52E+18,2.27E+18,,philips,30.07,,,,
5/25/2020 11:56,2.35E+18,1.52E+18,2.37E+18,electronics.video.tv,lg,370.35,1.52E+18,electronics,video,tv
5/5/2020 8:32,2.35E+18,1.52E+18,,,,92.59,,,,
3/9/2020 12:25,2.35E+18,1.52E+18,2.27E+18,appliances.kitchen.refrigerators,beko,231.46,,appliances,kitchen,refrigerators
2/7/2020 12:56,2.35E+18,1.52E+18,2.27E+18,,redmond,46.27,,,,
7/12/2020 10:21,2.35E+18,1.52E+18,2.27E+18,appliances.environment.fan,ava,13.87,1.52E+18,appliances,environment,fan
7/23/2020 1:04,2.36E+18,1.52E+18,2.27E+18,computers.peripherals.monitor,sanc,289.33,1.52E+18,computers,peripherals,monitor
1/1/1970 0:33,2.34E+18,2.27E+18,2.27E+18,,pasabahce,5.76,,,,
6/6/2020 9:26,2.35E+18,1.52E+18,,,,4.63,,,,
9/22/2020 7:42,2.39E+18,1.52E+18,2.27E+18,computers.network.router,none,5.76,1.52E+18,computers,network,router
3/29/2020 2:08,2.35E+18,2.27E+18,2.27E+18,computers.peripherals.printer,hp,100.9,,computers,peripherals,printer
8/24/2020 7:51,2.38E+18,1.52E+18,2.27E+18,,technodom,13.87,,,,
5/14/2020 8:13,2.35E+18,1.52E+18,2.27E+18,stationery.battery,camelion,2.31,,stationery,,battery
9/24/2020 13:50,2.39E+18,2.39E+18,2.27E+18,computers.peripherals.camera,genius,60.16,,computers,peripherals,camera
9/18/2020 4:52,2.39E+18,1.52E+18,2.37E+18,electronics.video.tv,lg,578.68,,electronics,video,tv
3/3/2020 15:11,2.35E+18,2.27E+18,2.27E+18,,jbl,185.16,,,,
2/9/2020 10:25,2.35E+18,2.27E+18,2.27E+18,electronics.smartphone,huawei,162.01,1.52E+18,electronics,,smartphone
2/22/2020 11:11,2.35E+18,1.52E+18,2.27E+18,,rowenta,55.53,,,,
7/3/2020 5:56,2.35E+18,1.52E+18,2.27E+18,appliances.kitchen.blender,braun,67.11,,appliances,kitchen,blender
6/10/2020 7:49,2.35E+18,1.52E+18,2.27E+18,,polaris,92.57,,,,
9/25/2020 11:14,2.39E+18,1.52E+18,2.27E+18,appliances.environment.air_heater,ava,11.55,,appliances,environment,air_heater
9/3/2020 12:14,2.39E+18,1.52E+18,,,,8.1,,,,
2/11/2020 4:52,2.35E+18,1.52E+18,,,,8.1,,,,
5/18/2020 9:42,2.35E+18,1.52E+18,2.27E+18,electronics.smartphone,vivo,208.31,,electronics,,smartphone
5/25/2020 6:16,2.35E+18,2.27E+18,2.27E+18,electronics.smartphone,samsung,173.13,,electronics,,smartphone
11/9/2020 11:41,2.39E+18,1.52E+18,2.27E+18,electronics.smartphone,apple,856.23,1.52E+18,electronics,,smartphone
6/30/2020 5:14,2.35E+18,1.52E+18,,,,6.94,,,,
9/15/2020 9:12,2.39E+18,1.52E+18,2.27E+18,electronics.smartphone,oppo,208.31,,electronics,,smartphone
3/25/2020 6:42,2.35E+18,1.52E+18,2.27E+18,computers.peripherals.mouse,logitech,13.87,,computers,peripherals,mouse
7/2/2020 7:11,2.35E+18,1.52E+18,2.27E+18,,,11.55,,,,
2/5/2020 12:48,2.35E+18,1.52E+18,2.27E+18,,gezatone,25.44,,,,
6/20/2020 8:03,2.35E+18,2.27E+18,2.27E+18,,,254.61,,,,
7/4/2020 8:59,2.35E+18,2.27E+18,2.27E+18,,grohe,143.98,,,,
10/5/2020 12:04,2.39E+18,1.52E+18,2.27E+18,electronics.audio.headphone,jbl,10.86,1.52E+18,electronics,audio,headphone
7/3/2020 6:29,2.35E+18,2.31E+18,2.27E+18,appliances.kitchen.hood,lg,231.46,,appliances,kitchen,hood
6/9/2020 7:42,2.35E+18,2.27E+18,2.27E+18,computers.network.router,tp-link,25.44,1.52E+18,computers,network,router
1/30/2020 13:30,2.35E+18,2.27E+18,2.27E+18,stationery.battery,camelion,1.39,,stationery,,battery
3/27/2020 9:33,2.35E+18,1.52E+18,2.27E+18,,coolinar,3.22,,,,
9/14/2020 6:00,2.39E+18,1.52E+18,2.27E+18,appliances.iron,braun,122.66,,appliances,,iron
2/18/2020 6:15,2.35E+18,1.52E+18,,,,9.26,,,,
1/5/2020 4:53,2.35E+18,1.52E+18,,,,9.26,,,,
7/31/2020 5:38,2.37E+18,1.52E+18,2.27E+18,electronics.audio.headphone,bloody,34.7,1.52E+18,electronics,audio,headphone
9/18/2020 4:22,2.39E+18,1.52E+18,2.27E+18,appliances.environment.vacuum,filtero,2.75,1.52E+18,appliances,environment,vacuum
1/26/2020 6:45,2.35E+18,1.52E+18,2.27E+18,appliances.kitchen.meat_grinder,neo,78.68,1.52E+18,appliances,kitchen,meat_grinder
8/31/2020 5:32,2.39E+18,1.52E+18,,,,9.26,,,,
7/4/2020 9:11,2.35E+18,1.52E+18,,,,8.1,,,,
5/24/2020 15:14,2.32E+18,1.52E+18,2.27E+18,furniture.bedroom.bed,muljhtidom,2.99,1.52E+18,furniture,bedroom,bed
5/27/2020 4:51,2.35E+18,1.52E+18,2.27E+18,electronics.smartphone,samsung,416.64,,electronics,,smartphone
3/9/2020 6:16,2.35E+18,1.52E+18,2.27E+18,furniture.bedroom.bed,muljhtidom,1.83,,furniture,bedroom,bed
9/4/2020 13:31,2.39E+18,2.31E+18,2.27E+18,,,12.73,,,,
2/3/2020 5:28,2.35E+18,2.27E+18,2.27E+18,computers.notebook,apple,1967.57,,computers,,notebook
6/11/2020 7:38,2.35E+18,1.52E+18,2.27E+18,,,59.24,,,,
2/7/2020 11:40,2.35E+18,1.52E+18,2.27E+18,electronics.smartphone,samsung,115.72,,electronics,,smartphone
3/30/2020 6:57,2.35E+18,1.52E+18,2.27E+18,appliances.kitchen.refrigerators,indesit,340.25,,appliances,kitchen,refrigerators
10/7/2020 5:51,2.39E+18,1.52E+18,2.27E+18,appliances.environment.water_heater,thermex,122.66,1.52E+18,appliances,environment,water_heater
9/1/2020 13:25,2.39E+18,1.52E+18,2.27E+18,appliances.environment.vacuum,philips,115.72,,appliances,environment,vacuum
3/30/2020 8:58,2.35E+18,1.52E+18,,,,16.18,,,,
3/25/2020 11:09,2.35E+18,1.52E+18,2.27E+18,,philips,34.7,,,,
2/8/2020 6:50,2.35E+18,1.52E+18,,,,16.18,,,,
5/31/2020 12:12,2.35E+18,1.52E+18,,,,57.87,,,,
5/2/2020 9:28,2.35E+18,1.52E+18,2.27E+18,electronics.audio.headphone,apple,203.68,,electronics,audio,headphone
6/15/2020 10:46,2.35E+18,1.52E+18,2.27E+18,appliances.kitchen.refrigerators,beko,324.05,,appliances,kitchen,refrigerators
10/28/2020 5:22,2.39E+18,1.52E+18,2.27E+18,,technodom,0.46,1.52E+18,,,
6/16/2020 7:47,2.35E+18,2.27E+18,2.27E+18,appliances.kitchen.refrigerators,lg,671.27,,appliances,kitchen,refrigerators
8/18/2020 14:10,2.38E+18,2.27E+18,2.27E+18,furniture.bedroom.pillow,rastar,25.44,,furniture,bedroom,pillow
6/24/2020 4:16,2.35E+18,1.52E+18,2.27E+18,,samsung,30.07,,,,
9/4/2020 11:29,2.39E+18,1.52E+18,,,,8.1,,,,
6/2/2020 12:57,2.35E+18,1.52E+18,2.36E+18,appliances.environment.air_conditioner,ava,138.87,,appliances,environment,air_conditioner
7/24/2020 17:20,2.36E+18,1.52E+18,2.27E+18,computers.notebook,powerplant,37.01,1.52E+18,computers,,notebook
3/5/2020 11:24,2.35E+18,1.52E+18,2.37E+18,electronics.video.tv,okko,10.42,,electronics,video,tv
8/18/2020 12:38,2.38E+18,1.52E+18,2.27E+18,electronics.smartphone,oppo,324.05,,electronics,,smartphone
2/20/2020 14:05,2.35E+18,2.27E+18,2.27E+18,,,10.16,,,,
2/2/2020 5:35,2.35E+18,2.27E+18,2.27E+18,appliances.environment.vacuum,samsung,9.24,,appliances,environment,vacuum
6/29/2020 12:27,2.35E+18,1.52E+18,2.27E+18,,aksion,30.07,,,,
6/18/2020 11:43,2.35E+18,1.52E+18,2.27E+18,electronics.smartphone,samsung,115.49,,electronics,,smartphone
6/20/2020 12:01,2.35E+18,1.52E+18,2.27E+18,appliances.personal.scales,scarlett,12.71,,appliances,personal,scales
10/18/2020 8:21,2.39E+18,1.52E+18,2.27E+18,appliances.kitchen.refrigerators,birjusa,266.18,1.52E+18,appliances,kitchen,refrigerators
3/1/2020 13:21,2.35E+18,1.52E+18,2.27E+18,appliances.environment.vacuum,tefal,127.29,,appliances,environment,vacuum
8/19/2020 10:45,2.38E+18,1.52E+18,2.27E+18,appliances.kitchen.refrigerators,kramet,11.55,,appliances,kitchen,refrigerators
5/16/2020 7:13,2.35E+18,1.52E+18,,,,29.63,,,,
5/25/2020 15:42,2.32E+18,2.27E+18,2.27E+18,appliances.steam_cleaner,sencor,2.29,1.52E+18,appliances,,steam_cleaner
3/4/2020 7:50,2.35E+18,1.52E+18,2.27E+18,appliances.personal.scales,vitek,13.87,,appliances,personal,scales
8/19/2020 13:24,2.38E+18,1.52E+18,2.27E+18,appliances.kitchen.mixer,scarlett,13.87,,appliances,kitchen,mixer
9/8/2020 13:59,2.39E+18,1.52E+18,2.27E+18,appliances.environment.vacuum,samsung,138.87,,appliances,environment,vacuum
9/25/2020 13:16,2.39E+18,1.52E+18,2.27E+18,appliances.personal.scales,vitek,13.87,,appliances,personal,scales
1/8/2020 12:28,2.35E+18,1.52E+18,2.27E+18,electronics.smartphone,apple,418.96,,electronics,,smartphone
3/21/2020 7:30,2.35E+18,1.52E+18,,,,10.42,,,,
3/2/2020 13:33,2.35E+18,1.52E+18,2.27E+18,electronics.clocks,apple,416.64,,electronics,,clocks
9/8/2020 13:08,2.39E+18,1.52E+18,2.27E+18,furniture.living_room.cabinet,tvs,6.46,,furniture,living_room,cabinet
9/3/2020 11:17,2.39E+18,1.52E+18,,,,10.42,,,,
8/28/2020 11:24,2.39E+18,1.52E+18,,,,29.63,1.52E+18,,,
2/15/2020 10:24,2.35E+18,1.52E+18,2.27E+18,electronics.smartphone,huawei,138.63,,electronics,,smartphone
11/14/2020 8:40,2.39E+18,1.52E+18,2.27E+18,,remington,60.16,1.52E+18,,,
2/10/2020 13:15,2.35E+18,1.52E+18,2.27E+18,,sencor,23.13,,,,
1/31/2020 7:47,2.35E+18,1.52E+18,2.27E+18,furniture.kitchen.table,tefal,23.13,,furniture,kitchen,table
5/30/2020 13:45,2.35E+18,2.27E+18,2.27E+18,furniture.kitchen.chair,simax,15.49,,furniture,kitchen,chair
9/23/2020 13:40,2.39E+18,2.27E+18,2.27E+18,appliances.environment.vacuum,samsung,104.14,,appliances,environment,vacuum
5/22/2020 6:38,2.35E+18,1.52E+18,2.27E+18,,apollo,20.81,,,,
7/1/2020 5:21,2.35E+18,1.52E+18,,,,57.87,,,,
9/28/2020 8:47,2.39E+18,2.27E+18,2.27E+18,,grohe,116.67,,,,
11/11/2020 10:14,2.39E+18,1.52E+18,2.27E+18,appliances.environment.vacuum,gutrend,358.77,1.52E+18,appliances,environment,vacuum
2/3/2020 11:13,2.35E+18,1.52E+18,2.27E+18,accessories.bag,samsung,16.18,,accessories,,bag
10/25/2020 12:24,2.39E+18,2.34E+18,2.37E+18,electronics.video.tv,samsung,486.09,1.52E+18,electronics,video,tv
3/9/2020 6:44,2.35E+18,1.52E+18,2.27E+18,,peterhof,6.92,,,,
3/15/2020 7:22,2.35E+18,2.27E+18,2.27E+18,furniture.kitchen.chair,simax,17.11,,furniture,kitchen,chair
6/8/2020 15:49,2.35E+18,1.52E+18,2.27E+18,appliances.iron,braun,106.46,,appliances,,iron
9/25/2020 13:48,2.39E+18,2.27E+18,2.27E+18,appliances.environment.vacuum,samsung,104.14,,appliances,environment,vacuum
1/5/2020 6:00,2.35E+18,1.52E+18,2.27E+18,,polaris,31.46,,,,
3/1/2020 15:17,2.35E+18,1.52E+18,2.27E+18,appliances.kitchen.kettle,vitek,30.07,,appliances,kitchen,kettle
11/18/2020 16:05,2.39E+18,1.52E+18,2.27E+18,electronics.smartphone,xiaomi,277.75,1.52E+18,electronics,,smartphone
2/12/2020 13:18,2.35E+18,1.52E+18,2.27E+18,appliances.kitchen.microwave,ava,43.96,,appliances,kitchen,microwave
8/29/2020 6:59,2.39E+18,1.52E+18,2.27E+18,electronics.smartphone,samsung,347.2,,electronics,,smartphone
1/26/2020 10:11,2.35E+18,1.52E+18,2.37E+18,electronics.video.tv,ava,254.61,,electronics,video,tv
9/2/2020 8:30,2.39E+18,1.52E+18,,,,6.94,,,,
5/24/2020 7:58,2.35E+18,1.52E+18,2.27E+18,,technodom,0.46,,,,
9/24/2020 11:46,2.39E+18,1.52E+18,,,,0.58,,,,
7/3/2020 9:27,2.35E+18,2.27E+18,2.27E+18,furniture.bedroom.pillow,dogland,36.39,,furniture,bedroom,pillow
6/13/2020 9:16,2.35E+18,1.52E+18,2.27E+18,appliances.environment.vacuum,philips,208.31,,appliances,environment,vacuum
3/19/2020 5:03,2.35E+18,2.27E+18,2.27E+18,,grohe,184.72,,,,
10/2/2020 15:09,2.39E+18,1.52E+18,2.27E+18,electronics.smartphone,apple,418.96,1.52E+18,electronics,,smartphone
10/28/2020 9:54,2.39E+18,2.34E+18,2.37E+18,electronics.video.tv,samsung,740.72,1.52E+18,electronics,video,tv
8/19/2020 11:30,2.38E+18,1.52E+18,,,,9.26,,,,
8/27/2020 10:51,2.39E+18,1.52E+18,,,,4.63,,,,
6/11/2020 12:48,2.35E+18,1.52E+18,2.27E+18,appliances.kitchen.washer,beko,175.9,,appliances,kitchen,washer
6/3/2020 10:15,2.35E+18,2.27E+18,2.36E+18,appliances.environment.air_conditioner,samsung,562.01,,appliances,environment,air_conditioner
6/26/2020 7:21,2.35E+18,1.52E+18,2.27E+18,electronics.smartphone,samsung,115.72,,electronics,,smartphone
6/23/2020 16:01,2.34E+18,1.52E+18,2.27E+18,computers.peripherals.keyboard,hyperx,138.87,1.52E+18,computers,peripherals,keyboard
4/12/2020 7:55,2.35E+18,2.27E+18,2.27E+18,appliances.kitchen.fryer,tefal,85.63,,appliances,kitchen,fryer
8/17/2020 10:31,2.38E+18,1.52E+18,2.27E+18,appliances.kitchen.refrigerators,samsung,555.53,,appliances,kitchen,refrigerators
9/28/2020 9:20,2.39E+18,1.52E+18,2.27E+18,,ava,555.53,,,,
5/30/2020 10:15,2.35E+18,1.52E+18,,,,20.83,,,,
3/10/2020 13:53,2.35E+18,1.52E+18,2.27E+18,electronics.smartphone,apple,418.96,,electronics,,smartphone
3/15/2020 11:13,2.35E+18,2.27E+18,2.27E+18,appliances.kitchen.hood,hansa,254.61,,appliances,kitchen,hood
5/20/2020 22:03,2.35E+18,1.52E+18,2.27E+18,electronics.smartphone,samsung,416.64,1.52E+18,electronics,,smartphone
2/27/2020 9:28,2.35E+18,1.52E+18,,,,16.18,,,,
5/25/2020 8:05,2.35E+18,2.27E+18,2.27E+18,,neo,30.07,,,,
8/10/2020 22:44,2.38E+18,1.52E+18,2.27E+18,appliances.environment.vacuum,samsung,277.75,1.52E+18,appliances,environment,vacuum
5/26/2020 11:27,2.35E+18,1.52E+18,,,,16.18,,,,
9/8/2020 12:50,2.39E+18,2.27E+18,2.27E+18,appliances.kitchen.kettle,vitek,53.22,,appliances,kitchen,kettle
6/7/2020 6:48,2.35E+18,1.52E+18,2.27E+18,electronics.smartphone,samsung,138.87,,electronics,,smartphone
9/29/2020 4:48,2.39E+18,2.27E+18,2.27E+18,,,5.07,,,,
6/13/2020 12:08,2.35E+18,1.52E+18,,,,16.18,,,,
10/27/2020 8:18,2.39E+18,1.52E+18,2.27E+18,,delonghi,48.59,1.52E+18,,,
7/21/2020 12:40,2.36E+18,1.52E+18,2.27E+18,appliances.iron,tefal,67.11,1.52E+18,appliances,,iron
3/14/2020 9:23,2.35E+18,1.52E+18,2.27E+18,electronics.smartphone,samsung,138.87,,electronics,,smartphone
7/24/2020 7:22,2.36E+18,2.27E+18,2.27E+18,,goodride,48.82,,,,
1/11/2020 6:56,2.35E+18,1.52E+18,,,,57.87,,,,
5/9/2020 11:22,2.36E+18,1.52E+18,2.27E+18,appliances.environment.water_heater,ariston,141.18,,appliances,environment,water_heater
5/29/2020 4:36,2.35E+18,1.52E+18,2.27E+18,electronics.smartphone,samsung,300.9,,electronics,,smartphone
9/23/2020 10:21,2.39E+18,2.27E+18,2.27E+18,,ausini,20.58,,,,
6/23/2020 5:36,2.35E+18,1.52E+18,2.27E+18,furniture.kitchen.table,tvs,23.13,,furniture,kitchen,table
2/20/2020 10:10,2.35E+18,1.52E+18,2.27E+18,electronics.tablet,prestigio,81,,electronics,,tablet
1/18/2020 13:13,2.35E+18,1.52E+18,,,,9.26,,,,
9/23/2020 11:25,2.39E+18,1.52E+18,2.27E+18,,technodom,23.13,,,,
5/1/2020 10:04,2.35E+18,1.52E+18,2.27E+18,appliances.kitchen.microwave,ava,43.96,1.52E+18,appliances,kitchen,microwave
1/29/2020 5:48,2.35E+18,1.52E+18,,,,11.57,,,,
9/1/2020 9:13,2.39E+18,1.52E+18,2.27E+18,furniture.kitchen.chair,grans,34.7,,furniture,kitchen,chair
2/23/2020 11:09,2.35E+18,2.27E+18,2.27E+18,stationery.battery,camelion,3.45,,stationery,,battery
10/18/2020 5:47,2.39E+18,2.27E+18,2.27E+18,,osz,1.13,1.52E+18,,,
8/24/2020 14:02,2.38E+18,2.27E+18,2.27E+18,,moulinex,159.7,,,,
9/9/2020 5:30,2.39E+18,1.52E+18,,,,27.08,,,,
1/13/2020 14:51,2.35E+18,1.52E+18,2.27E+18,,samsung,30.07,,,,
1/31/2020 8:54,2.35E+18,1.52E+18,2.27E+18,electronics.smartphone,samsung,254.61,,electronics,,smartphone
5/26/2020 14:25,2.35E+18,1.52E+18,2.27E+18,,,1.6,,,,
8/23/2020 8:32,2.38E+18,1.52E+18,2.27E+18,appliances.kitchen.kettle,provence,13.63,,appliances,kitchen,kettle
8/25/2020 9:12,2.38E+18,1.52E+18,2.37E+18,,gopro,23.13,,,,
2/29/2020 8:07,2.35E+18,1.52E+18,,,,11.55,,,,
3/31/2020 7:36,2.35E+18,2.27E+18,2.27E+18,electronics.audio.headphone,jbl,10.86,,electronics,audio,headphone
10/28/2020 12:41,2.39E+18,2.27E+18,2.27E+18,appliances.environment.vacuum,karcher,300.67,1.52E+18,appliances,environment,vacuum
6/26/2020 10:22,2.35E+18,1.52E+18,2.27E+18,electronics.smartphone,huawei,127.29,,electronics,,smartphone
3/22/2020 7:16,2.35E+18,1.52E+18,2.27E+18,electronics.clocks,elari,34.7,,electronics,,clocks
9/8/2020 10:05,2.39E+18,2.27E+18,2.27E+18,,goodride,48.82,,,,
2/16/2020 14:14,2.35E+18,1.52E+18,,,,37.04,,,,
2/22/2020 14:04,2.35E+18,1.52E+18,2.27E+18,,tefal,239.56,,,,
3/1/2020 8:55,2.35E+18,1.52E+18,,,,6.94,,,,
9/22/2020 6:13,2.39E+18,1.52E+18,2.27E+18,electronics.smartphone,oppo,208.31,1.52E+18,electronics,,smartphone
8/30/2020 5:43,2.39E+18,1.52E+18,2.27E+18,computers.notebook,lenovo,798.59,1.52E+18,computers,,notebook
6/2/2020 7:03,2.35E+18,1.52E+18,2.36E+18,appliances.environment.air_conditioner,ava,196.74,,appliances,environment,air_conditioner
3/15/2020 9:38,2.35E+18,1.52E+18,,,,6.94,,,,
9/15/2020 6:34,2.39E+18,2.27E+18,2.27E+18,,thefaceshop,6.69,,,,
7/14/2020 5:04,2.36E+18,1.52E+18,,,,3.89,,,,
11/12/2020 10:05,2.39E+18,2.27E+18,2.27E+18,,svc,18.5,1.52E+18,,,
1/17/2020 8:09,2.35E+18,1.52E+18,,,,3.47,,,,
11/14/2020 4:58,2.39E+18,1.52E+18,2.27E+18,computers.peripherals.monitor,samsung,148.13,1.52E+18,computers,peripherals,monitor
8/28/2020 13:52,2.39E+18,2.27E+18,2.27E+18,electronics.audio.headphone,delux,13.87,1.52E+18,electronics,audio,headphone
6/9/2020 12:52,2.35E+18,1.52E+18,,,,57.87,1.52E+18,,,
6/1/2020 11:21,2.35E+18,1.52E+18,2.27E+18,,rockstar,60.16,,,,
1/26/2020 10:08,2.35E+18,2.27E+18,2.27E+18,,barkan,41.64,,,,
2/16/2020 14:59,2.35E+18,1.52E+18,2.27E+18,,xiaomi,18.5,,,,
7/17/2020 6:11,2.36E+18,1.52E+18,2.27E+18,computers.notebook,ipower,2.29,1.52E+18,computers,,notebook
9/23/2020 14:08,2.39E+18,2.38E+18,2.27E+18,furniture.kitchen.chair,polaris,31.23,1.52E+18,furniture,kitchen,chair
6/27/2020 10:41,2.34E+18,1.52E+18,2.27E+18,electronics.smartphone,apple,532.38,1.52E+18,electronics,,smartphone
4/29/2020 15:31,2.30E+18,2.27E+18,2.27E+18,appliances.kitchen.kettle,vitek,18.5,1.52E+18,appliances,kitchen,kettle
